Date,CBA00332.CS,NH0100.NHF,000300.SH
2008-08-21,112.6504,1329.2136,2443.979
2008-08-22,112.6684,1339.8214,2404.928
2008-08-25,112.7239,1338.8501,2400.548
2008-08-26,112.7656,1320.319,2331.532
2008-08-27,112.8205,1338.8923,2325.292
2008-08-28,112.9231,1334.2408,2335.865
2008-08-29,113.0142,1333.2001,2391.64
2008-09-01,113.1428,1333.8106,2309.171
2008-09-02,113.1877,1303.1842,2285.411
2008-09-03,113.2188,1304.9603,2245.964
2008-09-04,113.1799,1306.4102,2251.146
2008-09-05,113.2088,1293.9985,2183.432
2008-09-08,113.2192,1281.3601,2126.518
2008-09-09,113.2898,1261.2925,2139.145
2008-09-10,113.4572,1260.6969,2143.176
2008-09-11,113.5282,1257.0224,2072.126
2008-09-12,113.7418,1277.4182,2077.846
2008-09-16,114.4671,1225.1703,2000.651
2008-09-17,115.1592,1224.7701,1929.135
2008-09-18,115.0674,1211.3998,1895.99
2008-09-19,114.9529,1220.3303,2073.113
2008-09-22,114.9096,1249.5423,2207.614
2008-09-23,114.8086,1243.0848,2123.478
2008-09-24,114.945,1235.7755,2138.853
2008-09-25,114.9101,1233.116,2223.532
2008-09-26,114.9356,1225.1451,2243.657
2008-10-06,114.8652,1171.1369,2128.696
2008-10-07,115.1316,1129.6638,2102.448
2008-10-08,115.5989,1095.5037,2022.881
2008-10-09,116.441,1090.0697,1995.297
2008-10-10,116.7445,1043.8156,1906.96
2008-10-13,116.6586,1036.0931,1985.486
2008-10-14,116.3279,1046.5188,1934.619
2008-10-15,116.4919,1027.3993,1914.356
2008-10-16,116.5342,987.0278,1820.903
2008-10-17,116.5032,997.39,1833.262
2008-10-20,116.3961,1027.8924,1896.733
2008-10-21,116.403,996.3334,1881.406
2008-10-22,116.3533,972.9,1833.323
2008-10-23,116.4269,963.1122,1834.78
2008-10-24,116.4719,953.4871,1781.598
2008-10-27,116.4845,932.9223,1654.671
2008-10-28,116.8161,956.3542,1705.82
2008-10-29,116.9572,949.9918,1658.223
2008-10-30,117.1571,973.6444,1697.656
2008-10-31,117.2052,949.7259,1663.66
2008-11-03,117.2328,965.4479,1653.542
2008-11-04,117.1715,951.6118,1627.759
2008-11-05,117.316,959.0924,1691.42
2008-11-06,117.5549,938.3555,1649.776
2008-11-07,117.748,935.7017,1677.827
2008-11-10,117.8993,954.9823,1801.665
2008-11-11,117.9685,925.7682,1781.361
2008-11-12,118.1379,923.8679,1801.823
2008-11-13,118.7084,916.282,1874.082
2008-11-14,118.5209,928.5347,1943.654
2008-11-17,118.3793,927.667,1987.225
2008-11-18,118.3762,925.135,1839.819
2008-11-19,118.0638,933.4442,1953.163
2008-11-20,118.1168,911.9175,1932.428
2008-11-21,118.1113,897.3259,1920.735
2008-11-24,118.2063,891.9338,1837.642
2008-11-25,118.1677,901.1908,1834.294
2008-11-26,118.4496,905.5424,1843.495
2008-11-27,118.6662,901.5427,1870.473
2008-11-28,118.6727,891.2454,1829.924
2008-12-01,118.6301,890.8231,1864.205
2008-12-02,118.8946,866.417,1868.631
2008-12-03,119.0145,862.9463,1952.668
2008-12-04,119.2791,844.1679,1982.928
2008-12-05,119.773,815.0027,2013.175
2008-12-08,119.7862,834.0238,2095.036
2008-12-09,119.665,818.1107,2040.847
2008-12-10,119.8004,841.3034,2096.393
2008-12-11,119.8048,840.322,2046.337
2008-12-12,119.9791,827.7999,1960.38
2008-12-15,120.0721,855.3873,1975.034
2008-12-16,120.1847,845.6419,1994.45
2008-12-17,120.6034,849.4964,2001.42
2008-12-18,120.8742,837.9931,2045.102
2008-12-19,120.9593,846.1845,2052.114
2008-12-22,120.9886,866.7055,2017.549
2008-12-23,120.9967,857.7241,1918.955
2008-12-24,120.9439,864.6455,1887.075
2008-12-25,121.0209,858.551,1870.765
2008-12-26,120.9529,857.9096,1862.096
2008-12-29,121.0102,872.931,1854.757
2008-12-30,120.9862,871.2058,1833.435
2008-12-31,120.9349,885.1068,1817.722
2009-01-05,121.0578,908.6223,1882.959
2009-01-06,121.0722,935.6748,1942.795
2009-01-07,121.1657,938.7079,1931.178
2009-01-08,121.3762,923.318,1887.991
2009-01-09,121.5234,943.6233,1918.365
2009-01-12,121.4642,954.893,1920.687
2009-01-13,121.4071,928.8248,1876.185
2009-01-14,121.2674,956.9886,1955.244
2009-01-15,120.8301,942.0633,1954.874
2009-01-16,120.4549,958.1233,1990.214
2009-01-19,120.2758,960.3293,2012.465
2009-01-20,119.7647,953.9808,2025.19
2009-01-21,119.6766,946.2071,2021.71
2009-01-22,120.1549,937.9421,2044.551
2009-01-23,120.1493,939.134,2032.682
2009-02-02,120.0264,932.2355,2057.063
2009-02-03,119.6726,957.0488,2108.91
2009-02-04,119.1093,967.3047,2166.414
2009-02-05,118.763,964.2935,2150.971
2009-02-06,118.936,987.8181,2237.28
2009-02-09,119.1782,1006.9423,2296.672
2009-02-10,119.1206,1005.0571,2326.755
2009-02-11,119.1786,978.0183,2331.138
2009-02-12,119.4921,988.4442,2318.343
2009-02-13,119.5058,994.1304,2399.065
2009-02-16,119.5956,975.6566,2462.245
2009-02-17,119.3546,981.6666,2385.293
2009-02-18,119.406,953.4211,2275.843
2009-02-19,119.5615,948.7009,2298.412
2009-02-20,119.5176,951.8685,2344.32
2009-02-23,119.4293,969.7542,2410.481
2009-02-24,119.5167,954.4867,2301.849
2009-02-25,119.6204,967.5412,2304.251
2009-02-26,119.6392,971.4992,2190.185
2009-02-27,119.565,964.1194,2140.489
2009-03-02,119.5347,963.6479,2164.666
2009-03-03,119.5541,963.698,2142.154
2009-03-04,119.5234,978.5118,2285.149
2009-03-05,119.4901,980.1528,2304.919
2009-03-06,119.6628,982.0397,2286.576
2009-03-09,119.618,972.6993,2202.527
2009-03-10,119.6236,981.1261,2240.782
2009-03-11,119.6784,978.5339,2220.38
2009-03-12,119.6908,976.1161,2215.7
2009-03-13,119.5947,981.321,2205.422
2009-03-16,119.5894,995.527,2241.614
2009-03-17,119.6146,1002.3966,2322.403
2009-03-18,119.6376,1003.3775,2332.652
2009-03-19,119.6845,1016.2917,2382.564
2009-03-20,119.7086,1037.3235,2379.838
2009-03-23,119.7077,1066.1293,2439.395
2009-03-24,119.7255,1050.5103,2451.783
2009-03-25,119.6343,1042.9947,2401.327
2009-03-26,119.684,1062.7852,2479.789
2009-03-27,119.5783,1047.7792,2498.931
2009-03-30,119.4858,1045.5174,2484.487
2009-03-31,119.4757,1052.3202,2507.789
2009-04-01,119.4704,1052.1798,2548.222
2009-04-02,119.3939,1067.5656,2576.4
2009-04-03,119.3237,1068.8061,2570.503
2009-04-07,119.1763,1097.3459,2576.95
2009-04-08,119.0677,1077.0454,2479.348
2009-04-09,119.0299,1099.351,2517.669
2009-04-10,119.0637,1120.4054,2595.53
2009-04-13,118.9171,1129.8813,2656.518
2009-04-14,118.8974,1119.125,2676.872
2009-04-15,118.8242,1132.8909,2686.99
2009-04-16,118.7718,1149.5173,2687.106
2009-04-17,118.9278,1142.8187,2650.691
2009-04-20,118.9739,1128.8745,2707.667
2009-04-21,118.9928,1101.0765,2675.442
2009-04-22,118.9162,1093.5515,2576.281
2009-04-23,118.8982,1102.2527,2593.564
2009-04-24,118.893,1079.7734,2572.888
2009-04-27,118.879,1069.1939,2513.292
2009-04-28,118.8843,1067.6975,2518.531
2009-04-29,118.9873,1084.0697,2605.37
2009-04-30,119.0328,1098.6874,2622.926
2009-05-04,119.002,1134.1055,2714.301
2009-05-05,119.0577,1120.5851,2727.014
2009-05-06,119.047,1136.2731,2764.979
2009-05-07,119.0664,1136.1037,2767.076
2009-05-08,119.0808,1145.1288,2789.219
2009-05-11,119.1268,1113.096,2725.316
2009-05-12,119.1612,1122.6597,2788.562
2009-05-13,119.2224,1133.0721,2814.005
2009-05-14,119.2628,1110.7185,2792.597
2009-05-15,119.3749,1118.2527,2796.116
2009-05-18,119.4507,1104.4834,2810.573
2009-05-19,119.4485,1126.0559,2840.084
2009-05-20,119.4272,1119.6932,2812.865
2009-05-21,119.3871,1113.5374,2750.01
2009-05-22,119.3906,1119.8641,2740.677
2009-05-25,119.389,1122.9489,2752.716
2009-05-26,119.4112,1113.2426,2719.764
2009-05-27,119.4079,1122.4367,2759.712
2009-06-01,119.3314,1154.6457,2858.342
2009-06-02,119.3187,1155.8464,2865.099
2009-06-03,119.3048,1166.9957,2939.387
2009-06-04,119.3175,1154.4208,2953.751
2009-06-05,119.2654,1174.2482,2939.306
2009-06-08,119.2738,1163.4683,2948.478
2009-06-09,119.2576,1169.4466,2960.556
2009-06-10,119.2106,1173.2829,2989.595
2009-06-11,119.2405,1171.182,2961.629
2009-06-12,119.2082,1164.2515,2906.286
2009-06-15,119.2215,1148.8553,2966.192
2009-06-16,119.2466,1149.4032,2961.22
2009-06-17,119.2071,1150.3579,3010.588
2009-06-18,119.2148,1146.0966,3057.428
2009-06-19,119.1875,1147.6506,3080.001
2009-06-22,119.1804,1134.7705,3082.563
2009-06-23,119.1977,1132.8891,3083.895
2009-06-24,119.1127,1136.5497,3120.73
2009-06-25,119.1182,1144.0692,3117.921
2009-06-26,119.0603,1157.1128,3128.421
2009-06-29,119.0543,1149.8541,3179.972
2009-06-30,119.0654,1159.3138,3166.474
2009-07-01,118.9846,1160.6982,3237.903
2009-07-02,118.9264,1155.1721,3282.359
2009-07-03,118.9138,1148.7092,3327.135
2009-07-06,118.841,1139.7555,3374.753
2009-07-07,118.8148,1147.2605,3340.493
2009-07-08,118.733,1131.4946,3352.269
2009-07-09,118.5046,1137.0626,3396.304
2009-07-10,118.4315,1138.6657,3398.31
2009-07-13,118.2835,1127.4233,3361.011
2009-07-14,118.1784,1137.1193,3454.753
2009-07-15,118.0622,1155.2497,3493.305
2009-07-16,117.7534,1154.4528,3501.24
2009-07-17,117.5493,1158.977,3519.809
2009-07-20,117.4797,1179.328,3591.123
2009-07-21,117.4968,1168.6422,3539.832
2009-07-22,117.6262,1168.4496,3606.924
2009-07-23,117.6615,1171.5273,3651.969
2009-07-24,117.6717,1175.7037,3667.556
2009-07-27,117.6928,1185.0799,3743.626
2009-07-28,117.6019,1190.7089,3755.818
2009-07-29,117.5744,1171.513,3558.508
2009-07-30,117.5736,1178.7282,3634.818
2009-07-31,117.5328,1207.9183,3734.622
2009-08-03,117.5123,1237.6948,3787.033
2009-08-04,117.4636,1239.6807,3786.615
2009-08-05,117.4425,1243.6815,3740.936
2009-08-06,117.4838,1240.2609,3663.12
2009-08-07,117.569,1224.3164,3555.095
2009-08-10,117.5145,1255.9643,3544.539
2009-08-11,117.5067,1266.3732,3556.375
2009-08-12,117.5418,1260.2424,3397.4
2009-08-13,117.5627,1286.1636,3440.82
2009-08-14,117.5148,1273.6809,3344.462
2009-08-17,117.4912,1234.9639,3140.271
2009-08-18,117.4637,1241.7791,3171.986
2009-08-19,117.4964,1215.5257,3014.568
2009-08-20,117.532,1234.6543,3144.39
2009-08-21,117.5888,1223.1192,3203.624
2009-08-24,117.5612,1259.6884,3229.6
2009-08-25,117.6059,1251.7883,3109.83
2009-08-26,117.5738,1256.987,3172.386
2009-08-27,117.5516,1254.3817,3156.301
2009-08-28,117.592,1268.9365,3046.781
2009-08-31,117.6198,1239.5676,2830.271
2009-09-01,117.6268,1237.0248,2843.7
2009-09-02,117.6941,1209.1321,2890.926
2009-09-03,117.732,1227.0298,3051.964
2009-09-04,117.7562,1229.6875,3077.142
2009-09-07,117.8101,1224.0532,3104.208
2009-09-08,117.8402,1235.5892,3170.967
2009-09-09,117.9331,1236.4484,3194.909
2009-09-10,117.8867,1237.9233,3162.914
2009-09-11,117.745,1228.6639,3238.133
2009-09-14,117.773,1203.648,3293.394
2009-09-15,117.8438,1210.3467,3302.642
2009-09-16,117.8433,1223.0718,3258.236
2009-09-17,117.8051,1230.8442,3320.096
2009-09-18,117.7807,1219.3238,3199.689
2009-09-21,117.7087,1220.9961,3208.604
2009-09-22,117.6531,1217.002,3131.026
2009-09-23,117.6343,1205.6184,3060.069
2009-09-24,117.6443,1201.9588,3080.926
2009-09-25,117.5984,1194.5569,3058.528
2009-09-28,117.5857,1176.1293,2972.643
2009-09-29,117.57,1188.5867,2972.286
2009-09-30,117.6031,1206.1005,3004.805
2009-10-09,117.5335,1224.3346,3163.708
2009-10-12,117.5043,1235.9118,3151.632
2009-10-13,117.362,1236.3578,3198.517
2009-10-14,117.2755,1243.9056,3227.399
2009-10-15,117.1454,1235.4174,3239.643
2009-10-16,117.1179,1242.731,3241.709
2009-10-19,117.0767,1256.1163,3329.158
2009-10-20,117.1555,1258.7638,3377.574
2009-10-21,117.1963,1250.9321,3369.285
2009-10-22,117.1497,1253.4853,3347.32
2009-10-23,117.1375,1270.7355,3413.252
2009-10-26,117.1494,1280.5965,3414.239
2009-10-27,117.0793,1271.0462,3314.722
2009-10-28,117.0296,1269.4727,3329.327
2009-10-29,117.0703,1253.5798,3247.051
2009-10-30,117.1082,1266.9004,3280.372
2009-11-02,117.0773,1263.9722,3392.803
2009-11-03,117.1075,1266.0357,3435.425
2009-11-04,117.0523,1272.7387,3453.888
2009-11-05,116.9761,1267.742,3464.318
2009-11-06,116.9843,1273.141,3483.021
2009-11-09,116.9917,1277.4139,3495.788
2009-11-10,116.9958,1272.2057,3503.776
2009-11-11,116.9962,1278.3107,3495.674
2009-11-12,117.0183,1288.429,3499.992
2009-11-13,117.0675,1291.4475,3518.722
2009-11-16,117.0759,1304.2192,3625.798
2009-11-17,117.0667,1305.9278,3628.354
2009-11-18,117.0782,1319.7708,3630.229
2009-11-19,117.1471,1319.926,3642.437
2009-11-20,117.1657,1325.0825,3631.013
2009-11-23,117.1851,1351.6405,3665.509
2009-11-24,117.2462,1331.2538,3548.08
2009-11-25,117.2223,1346.5008,3629.629
2009-11-26,117.1902,1347.7547,3485.773
2009-11-27,117.3329,1315.5217,3382.51
2009-11-30,117.3448,1342.0443,3511.669
2009-12-01,117.2906,1342.5461,3560.831
2009-12-02,117.3041,1354.6777,3597.329
2009-12-03,117.3536,1362.1757,3590.876
2009-12-04,117.336,1366.349,3643.491
2009-12-07,117.3312,1370.2961,3668.832
2009-12-08,117.2753,1373.2119,3624.019
2009-12-09,117.296,1350.9806,3554.478
2009-12-10,117.2796,1342.0954,3577.237
2009-12-11,117.2845,1349.742,3575.02
2009-12-14,117.3026,1353.0539,3612.753
2009-12-15,117.2508,1358.652,3583.341
2009-12-16,117.2625,1370.1044,3560.723
2009-12-17,117.2909,1370.283,3480.153
2009-12-18,117.2471,1367.4579,3391.735
2009-12-21,117.2396,1368.0578,3396.622
2009-12-22,117.2695,1359.2909,3305.543
2009-12-23,117.279,1364.0307,3336.48
2009-12-24,117.2459,1382.359,3438.817
2009-12-25,117.2144,1386.9952,3424.783
2009-12-28,117.2379,1403.1225,3478.433
2009-12-29,117.2214,1402.3392,3500.737
2009-12-30,117.2372,1404.5478,3558.857
2009-12-31,117.2373,1422.2004,3575.684
2010-01-04,117.2422,1430.4799,3535.229
2010-01-05,117.2215,1441.4393,3564.038
2010-01-06,117.2563,1454.1171,3541.727
2010-01-07,117.2121,1432.498,3471.456
2010-01-08,117.1087,1420.3436,3480.13
2010-01-11,117.124,1444.1139,3482.052
2010-01-12,117.0475,1433.9426,3534.916
2010-01-13,116.9855,1394.6335,3421.144
2010-01-14,117.0647,1409.0916,3469.051
2010-01-15,117.0384,1398.636,3482.738
2010-01-18,117.0607,1401.3217,3500.684
2010-01-19,117.0379,1411.4203,3507.482
2010-01-20,117.1017,1400.9422,3394.434
2010-01-21,117.0842,1413.742,3408.574
2010-01-22,117.1129,1387.8073,3366.197
2010-01-25,117.1402,1390.5428,3328.014
2010-01-26,117.193,1375.9686,3242.797
2010-01-27,117.247,1375.3471,3198.566
2010-01-28,117.2683,1345.2255,3206.57
2010-01-29,117.2967,1329.7502,3204.155
2010-02-01,117.4036,1319.7065,3152.707
2010-02-02,117.4604,1318.8049,3146.189
2010-02-03,117.479,1347.5382,3230.715
2010-02-04,117.5018,1328.0471,3218.802
2010-02-05,117.5111,1306.8405,3153.087
2010-02-08,117.6181,1313.1869,3150.988
2010-02-09,117.6516,1321.9832,3169.19
2010-02-10,117.6635,1340.2985,3214.13
2010-02-11,117.6123,1352.8839,3220.398
2010-02-12,117.5821,1363.9601,3251.278
2010-02-22,117.5008,1387.0194,3233.345
2010-02-23,117.4909,1393.3823,3198.634
2010-02-24,117.6077,1385.3912,3244.483
2010-02-25,117.7074,1375.6243,3292.128
2010-02-26,117.9743,1378.0268,3281.666
2010-03-01,118.033,1392.5392,3324.423
2010-03-02,118.1533,1370.5332,3311.236
2010-03-03,118.2848,1378.7155,3335.081
2010-03-04,118.3036,1368.8507,3250.573
2010-03-05,118.3437,1376.1258,3259.764
2010-03-08,118.379,1391.6396,3286.178
2010-03-09,118.3502,1386.9058,3305.863
2010-03-10,118.272,1385.0659,3279.694
2010-03-11,118.2283,1366.5465,3276.705
2010-03-12,118.2038,1364.5867,3233.126
2010-03-15,118.273,1346.0751,3183.183
2010-03-16,118.347,1354.1538,3203.971
2010-03-17,118.4401,1368.7956,3273.916
2010-03-18,118.4698,1362.4957,3267.555
2010-03-19,118.4955,1375.4579,3293.871
2010-03-22,118.4682,1369.3409,3302.628
2010-03-23,118.4572,1361.4371,3275.573
2010-03-24,118.4452,1357.1109,3276.669
2010-03-25,118.451,1363.5468,3229.128
2010-03-26,118.4607,1371.2592,3275.002
2010-03-29,118.3792,1382.3384,3358.54
2010-03-30,118.297,1381.7674,3366.708
2010-03-31,118.3074,1375.5994,3345.607
2010-04-01,118.3221,1379.0953,3391.935
2010-04-02,118.3332,1388.6746,3407.346
2010-04-06,118.341,1395.8909,3405.145
2010-04-07,118.1572,1398.4013,3386.949
2010-04-08,118.0421,1385.3141,3346.744
2010-04-09,118.0672,1394.284,3379.17
2010-04-12,118.0702,1399.5688,3351.478
2010-04-13,118.1461,1396.6961,3391.716
2010-04-14,118.1552,1400.4267,3403.707
2010-04-15,118.194,1398.887,3394.574
2010-04-16,118.2183,1398.6756,3356.332
2010-04-19,118.2984,1369.2679,3176.423
2010-04-20,118.3554,1382.1275,3173.374
2010-04-21,118.418,1382.6209,3236.679
2010-04-22,118.4903,1378.8834,3201.541
2010-04-23,118.5923,1379.9106,3190.003
2010-04-26,118.769,1383.8974,3171.997
2010-04-27,118.7704,1372.9845,3108.409
2010-04-28,118.8338,1355.523,3097.353
2010-04-29,118.8221,1355.2193,3060.064
2010-04-30,118.8199,1359.8753,3067.365
2010-05-04,118.7379,1348.5109,3019.449
2010-05-05,118.6986,1340.4545,3036.394
2010-05-06,118.7499,1328.5682,2896.856
2010-05-07,118.8292,1305.363,2836.789
2010-05-10,118.8586,1327.5288,2858.233
2010-05-11,118.8632,1313.9817,2800.817
2010-05-12,118.9487,1321.5527,2818.16
2010-05-13,118.9847,1328.4323,2886.911
2010-05-14,119.0247,1314.5577,2868.023
2010-05-17,119.1085,1277.6122,2714.715
2010-05-18,119.2314,1286.8738,2771.348
2010-05-19,119.3658,1279.8933,2762.174
2010-05-20,119.3115,1285.9784,2726.022
2010-05-21,119.2567,1281.5564,2768.791
2010-05-24,119.1879,1298.6707,2873.469
2010-05-25,119.1795,1280.48,2813.943
2010-05-26,119.1934,1294.5248,2813.944
2010-05-27,119.1502,1300.7588,2859.979
2010-05-28,119.0977,1300.7071,2850.302
2010-05-31,119.0852,1292.0523,2773.264
2010-06-01,119.0264,1282.3249,2744.162
2010-06-02,118.9555,1276.3567,2757.527
2010-06-03,118.9733,1277.5587,2736.076
2010-06-04,119.0081,1270.3022,2744.391
2010-06-07,119.0011,1229.3292,2695.715
2010-06-08,118.9735,1234.2682,2699.336
2010-06-09,118.935,1247.4999,2782.133
2010-06-10,118.8152,1245.064,2750.023
2010-06-11,118.7412,1255.0161,2758.866
2010-06-17,118.7154,1257.5464,2742.733
2010-06-18,118.2536,1251.6746,2696.166
2010-06-21,118.2396,1281.431,2780.663
2010-06-22,118.2899,1271.8184,2783.72
2010-06-23,118.2592,1270.7015,2758.495
2010-06-24,118.297,1276.7295,2757.498
2010-06-25,118.1852,1272.5075,2736.287
2010-06-28,118.3097,1275.9884,2716.777
2010-06-29,118.4348,1258.4786,2592.019
2010-06-30,118.5668,1252.9812,2563.07
2010-07-01,118.5751,1242.7929,2526.071
2010-07-02,118.5824,1254.4872,2534.105
2010-07-05,118.6235,1256.886,2512.651
2010-07-06,118.7553,1254.6793,2562.902
2010-07-07,118.7996,1253.1936,2580.477
2010-07-08,118.7872,1260.3651,2575.921
2010-07-09,118.807,1266.9322,2647.104
2010-07-12,118.8123,1258.9231,2676.218
2010-07-13,118.8617,1249.8448,2634.593
2010-07-14,118.8639,1255.5666,2653.609
2010-07-15,118.8631,1254.5251,2608.519
2010-07-16,118.8794,1263.3283,2616.128
2010-07-19,118.9039,1262.0698,2682.472
2010-07-20,118.8804,1272.268,2741.503
2010-07-21,118.8748,1271.764,2747.335
2010-07-22,118.8418,1276.7377,2781.286
2010-07-23,118.813,1293.0677,2793.076
2010-07-26,118.7313,1297.0628,2811.055
2010-07-27,118.7347,1284.7775,2795.724
2010-07-28,118.7234,1299.7562,2863.724
2010-07-29,118.7518,1304.7557,2877.976
2010-07-30,118.7167,1311.7668,2868.846
2010-08-02,118.681,1335.4187,2917.275
2010-08-03,118.6412,1332.0184,2865.971
2010-08-04,118.6976,1337.9358,2876.434
2010-08-05,118.7165,1329.5116,2850.829
2010-08-06,118.7693,1342.5775,2897.659
2010-08-09,118.7629,1356.687,2918.241
2010-08-10,118.7561,1344.516,2832.638
2010-08-11,118.773,1339.6667,2850.211
2010-08-12,118.8287,1330.2548,2816.386
2010-08-13,118.8272,1348.8299,2855.547
2010-08-16,118.8059,1354.326,2922.083
2010-08-17,118.786,1357.949,2942.291
2010-08-18,118.7983,1354.5448,2937.362
2010-08-19,118.8018,1359.868,2955.395
2010-08-20,118.7764,1335.3467,2898.333
2010-08-23,118.7757,1331.6595,2896.192
2010-08-24,118.7847,1322.5416,2911.827
2010-08-25,118.8125,1323.1092,2843.023
2010-08-26,118.764,1336.0562,2850.093
2010-08-27,118.7576,1342.4614,2858.566
2010-08-30,118.7402,1360.5628,2915.01
2010-08-31,118.7468,1343.0417,2903.188
2010-09-01,118.7481,1354.7999,2884.042
2010-09-02,118.7524,1364.3573,2921.393
2010-09-03,118.7261,1366.8142,2920.205
2010-09-06,118.7253,1390.3693,2975.09
2010-09-07,118.6794,1389.7942,2983.108
2010-09-08,118.6542,1389.0596,2980.967
2010-09-09,118.646,1364.3418,2926.46
2010-09-10,118.6238,1372.701,2932.554
2010-09-13,118.5539,1377.9629,2962.319
2010-09-14,118.531,1368.5587,2965.009
2010-09-15,118.5215,1369.5888,2913.194
2010-09-16,118.4658,1365.0783,2857.789
2010-09-17,118.4463,1375.7516,2861.369
2010-09-20,118.4228,1395.7585,2849.828
2010-09-21,118.4311,1387.3867,2857.476
2010-09-27,118.4149,1397.2481,2905.029
2010-09-28,118.3694,1400.3526,2880.907
2010-09-29,118.355,1393.1995,2874.812
2010-09-30,118.4139,1397.0534,2935.574
2010-10-08,118.359,1404.8616,3044.233
2010-10-11,118.2915,1456.1488,3132.895
2010-10-12,118.2402,1447.018,3172.726
2010-10-13,118.2319,1462.8447,3217.577
2010-10-14,118.2527,1475.5497,3224.14
2010-10-15,118.2547,1481.4634,3327.683
2010-10-18,118.2466,1465.1964,3306.16
2010-10-19,118.2322,1473.4557,3375.674
2010-10-20,117.6184,1465.8492,3396.879
2010-10-21,117.304,1473.4597,3374.685
2010-10-22,117.3055,1478.2724,3378.655
2010-10-25,117.2934,1516.4566,3481.081
2010-10-26,117.2359,1508.0427,3466.084
2010-10-27,117.1965,1486.328,3403.872
2010-10-28,117.2135,1502.7443,3397.692
2010-10-29,117.2442,1476.5423,3379.983
2010-11-01,117.2122,1500.3547,3472.995
2010-11-02,117.0429,1499.6475,3463.131
2010-11-03,116.7824,1506.838,3420.341
2010-11-04,116.6007,1533.3098,3480.505
2010-11-05,116.5445,1580.3117,3520.798
2010-11-08,116.4944,1586.3311,3548.566
2010-11-09,116.4428,1618.434,3523.954
2010-11-10,116.1511,1610.0767,3499.111
2010-11-11,115.9439,1610.8281,3509.975
2010-11-12,115.706,1550.6261,3291.833
2010-11-15,115.5043,1522.7928,3314.893
2010-11-16,115.5435,1512.4632,3169.538
2010-11-17,115.5725,1464.2546,3103.906
2010-11-18,115.6722,1486.8396,3147.962
2010-11-19,115.6132,1502.2095,3178.846
2010-11-22,115.3124,1480.7959,3171.941
2010-11-23,115.1518,1457.5371,3107.176
2010-11-24,114.9843,1480.8142,3177.043
2010-11-25,114.9103,1471.6265,3223.484
2010-11-26,114.7262,1454.7526,3194.853
2010-11-29,114.6982,1467.3327,3190.05
2010-11-30,114.7618,1467.2423,3136.985
2010-12-01,114.9784,1480.5307,3136.024
2010-12-02,115.0051,1498.9449,3155.059
2010-12-03,115.042,1507.4246,3158.156
2010-12-06,115.1646,1515.2762,3165.57
2010-12-07,115.2727,1526.5223,3200.339
2010-12-08,115.178,1497.6391,3171.882
2010-12-09,115.1539,1514.6618,3123.366
2010-12-10,115.1115,1521.3243,3161.977
2010-12-13,115.1726,1548.4511,3261.061
2010-12-14,115.1824,1555.3396,3269.474
2010-12-15,115.2045,1537.8468,3247.644
2010-12-16,115.194,1539.348,3230.665
2010-12-17,115.2684,1553.3273,3225.661
2010-12-20,115.3754,1560.4431,3178.657
2010-12-21,115.4192,1573.1864,3249.509
2010-12-22,115.4245,1562.5676,3215.453
2010-12-23,115.3705,1576.9009,3188.607
2010-12-24,115.3279,1582.3469,3162.955
2010-12-27,115.1023,1578.7843,3099.709
2010-12-28,115.0557,1581.941,3044.931
2010-12-29,115.085,1579.0408,3061.83
2010-12-30,115.1429,1591.8415,3064.098
2010-12-31,115.2247,1593.4272,3128.261
2011-01-04,115.3338,1604.1208,3189.682
2011-01-05,115.5016,1592.4229,3175.662
2011-01-06,115.5207,1609.1059,3159.643
2011-01-07,115.6062,1572.4374,3166.624
2011-01-10,115.6128,1578.9489,3108.187
2011-01-11,115.6049,1586.9125,3124.922
2011-01-12,115.6145,1592.366,3142.337
2011-01-13,115.6047,1598.3527,3141.284
2011-01-14,115.5049,1606.2496,3091.862
2011-01-17,115.3654,1602.2159,2974.35
2011-01-18,115.1843,1604.3734,2977.648
2011-01-19,115.0453,1621.7248,3044.851
2011-01-20,115.0594,1609.9266,2944.713
2011-01-21,115.0336,1611.664,2983.456
2011-01-24,115.0292,1627.009,2954.232
2011-01-25,114.9753,1605.6675,2938.654
2011-01-26,114.9388,1596.7983,2978.431
2011-01-27,114.9665,1610.1897,3026.466
2011-01-28,114.9506,1609.673,3036.735
2011-01-31,114.9663,1631.746,3076.508
2011-02-01,114.9817,1651.3455,3077.283
2011-02-09,114.688,1660.384,3040.949
2011-02-10,114.6445,1674.7,3104.163
2011-02-11,114.6587,1672.2952,3120.956
2011-02-14,114.7961,1676.882,3219.143
2011-02-15,114.8363,1667.7473,3217.671
2011-02-16,114.7988,1658.5564,3248.527
2011-02-17,114.8041,1640.92,3245.907
2011-02-18,114.8256,1629.9319,3211.876
2011-02-21,114.6995,1635.9695,3257.908
2011-02-22,114.6901,1627.4215,3163.578
2011-02-23,114.7749,1595.4976,3174.742
2011-02-24,114.9205,1577.5476,3190.935
2011-02-25,114.9576,1588.6185,3197.617
2011-02-28,114.9902,1611.7433,3239.559
2011-03-01,114.9934,1606.1263,3254.893
2011-03-02,115.0215,1615.3148,3243.298
2011-03-03,115.041,1605.1518,3221.718
2011-03-04,115.018,1609.1243,3270.666
2011-03-07,115.0431,1612.7622,3334.51
2011-03-08,115.1246,1573.682,3337.457
2011-03-09,115.2586,1577.7521,3338.858
2011-03-10,115.2157,1551.9063,3280.259
2011-03-11,115.1688,1540.369,3247.376
2011-03-14,115.1856,1534.397,3262.92
2011-03-15,115.2032,1534.4307,3203.961
2011-03-16,115.2325,1543.4193,3248.195
2011-03-17,115.268,1542.3018,3197.1
2011-03-18,115.2732,1558.3841,3215.685
2011-03-21,115.2671,1554.0686,3207.11
2011-03-22,115.2425,1554.1013,3222.961
2011-03-23,115.2309,1573.533,3264.926
2011-03-24,115.2229,1564.4798,3251.361
2011-03-25,115.2109,1571.0817,3294.484
2011-03-28,115.2033,1557.2301,3290.571
2011-03-29,115.1746,1558.5895,3257.979
2011-03-30,115.17,1561.5416,3256.08
2011-03-31,115.1608,1557.5908,3223.288
2011-04-01,115.1846,1555.2139,3272.729
2011-04-06,115.1205,1576.8616,3311.067
2011-04-07,115.1782,1575.3654,3324.419
2011-04-08,115.2224,1593.386,3353.358
2011-04-11,115.2093,1600.2887,3333.427
2011-04-12,115.2602,1583.9003,3326.771
2011-04-13,115.3534,1582.5934,3372.031
2011-04-14,115.3706,1563.4367,3353.56
2011-04-15,115.3485,1552.955,3358.944
2011-04-18,115.3237,1555.0931,3359.438
2011-04-19,115.3272,1534.572,3295.812
2011-04-20,115.3477,1553.9477,3295.758
2011-04-21,115.354,1555.6806,3317.367
2011-04-22,115.3628,1561.4448,3299.942
2011-04-25,115.3297,1550.7153,3249.574
2011-04-26,115.3124,1539.7859,3230.96
2011-04-27,115.3318,1532.1011,3209.503
2011-04-28,115.3377,1544.6223,3161.776
2011-04-29,115.3473,1526.1556,3192.723
2011-05-03,115.3741,1531.0305,3211.132
2011-05-04,115.3696,1516.554,3129.028
2011-05-05,115.3693,1501.7378,3126.117
2011-05-06,115.4107,1476.4284,3121.396
2011-05-09,115.4231,1490.7258,3129.759
2011-05-10,115.4217,1499.5268,3153.221
2011-05-11,115.4262,1494.0562,3145.085
2011-05-12,115.4245,1466.1584,3101.603
2011-05-13,115.3729,1498.3793,3128.093
2011-05-16,115.3485,1488.2535,3100.463
2011-05-17,115.3415,1491.2885,3116.028
2011-05-18,115.3568,1491.8703,3139.379
2011-05-19,115.3844,1498.1398,3120.639
2011-05-20,115.3734,1498.7776,3121.596
2011-05-23,115.3566,1486.5102,3022.98
2011-05-24,115.3287,1498.2008,3026.223
2011-05-25,115.3638,1504.1958,2990.343
2011-05-26,115.4045,1518.6557,2978.381
2011-05-27,115.4208,1522.3777,2963.308
2011-05-30,115.4164,1522.4563,2954.506
2011-05-31,115.4052,1525.6195,3001.556
2011-06-01,115.3605,1520.4957,3004.173
2011-06-02,115.2975,1518.6557,2955.705
2011-06-03,115.3287,1536.3,2986.349
2011-06-07,115.3084,1530.9077,3004.262
2011-06-08,115.263,1524.3559,3008.652
2011-06-09,115.2036,1521.4547,2951.889
2011-06-10,115.1255,1521.2656,2961.932
2011-06-13,115.0597,1514.4489,2950.348
2011-06-14,114.8838,1516.5439,2993.559
2011-06-15,114.7041,1525.4068,2963.119
2011-06-16,114.6156,1512.5593,2917.578
2011-06-17,114.5305,1509.7231,2892.157
2011-06-20,114.5602,1502.844,2874.896
2011-06-21,114.5501,1513.284,2909.073
2011-06-22,114.4668,1503.3141,2908.582
2011-06-23,114.4383,1499.0958,2957.629
2011-06-24,114.4816,1500.6986,3027.47
2011-06-27,114.5772,1475.9227,3036.491
2011-06-28,114.6024,1478.5983,3041.734
2011-06-29,114.5982,1490.3943,3000.169
2011-06-30,114.6151,1505.6008,3044.089
2011-07-01,114.6564,1499.4568,3049.745
2011-07-04,114.6719,1521.5875,3121.98
2011-07-05,114.6975,1519.4486,3122.5
2011-07-06,114.6536,1525.7958,3113.712
2011-07-07,114.5843,1528.6483,3101.68
2011-07-08,114.593,1536.0813,3109.183
2011-07-11,114.5634,1530.8194,3113.206
2011-07-12,114.5613,1523.8814,3056.905
2011-07-13,114.498,1549.4591,3106.247
2011-07-14,114.4482,1548.8506,3115.745
2011-07-15,114.4415,1545.4512,3128.889
2011-07-18,114.3505,1546.8933,3122.6
2011-07-19,114.1675,1559.5866,3095.125
2011-07-20,113.8586,1557.7135,3091.567
2011-07-21,113.6788,1557.2657,3059.139
2011-07-22,113.6164,1561.2182,3067.985
2011-07-25,113.594,1553.1903,2968.289
2011-07-26,113.5705,1568.3324,2977.766
2011-07-27,113.5622,1574.4973,3000.052
2011-07-28,113.5517,1566.7111,2981.002
2011-07-29,113.5896,1559.1813,2972.079
2011-08-01,113.5895,1575.4327,2977.721
2011-08-02,113.5769,1565.3031,2956.383
2011-08-03,113.4467,1566.1112,2954.87
2011-08-04,113.4102,1556.3142,2960.309
2011-08-05,113.5021,1513.3847,2897.417
2011-08-08,113.5935,1505.2638,2793.897
2011-08-09,113.6839,1484.8086,2798.19
2011-08-10,113.7391,1500.0861,2824.12
2011-08-11,113.8765,1511.7462,2866.924
2011-08-12,113.9687,1512.0249,2875.365
2011-08-15,114.0077,1521.2368,2917.883
2011-08-16,113.9537,1506.6389,2897.581
2011-08-17,113.9801,1518.7145,2886.013
2011-08-18,113.939,1513.7302,2834.254
2011-08-19,113.9599,1507.6743,2807.664
2011-08-22,113.9775,1503.4873,2777.787
2011-08-23,113.9405,1515.4005,2821.003
2011-08-24,113.9368,1513.6209,2810.016
2011-08-25,113.9196,1509.8898,2903.837
2011-08-26,113.8738,1510.6629,2901.216
2011-08-29,113.4761,1519.5683,2852.809
2011-08-30,113.2421,1529.3247,2841.74
2011-08-31,113.2484,1534.658,2846.776
2011-09-01,113.2896,1528.0456,2834.535
2011-09-02,113.3002,1525.4943,2803.854
2011-09-05,113.3355,1513.414,2743.817
2011-09-06,113.3948,1511.3442,2723.303
2011-09-07,113.3006,1526.4235,2779.09
2011-09-08,113.2525,1523.5278,2756.105
2011-09-09,113.2931,1526.5364,2751.095
2011-09-13,113.2993,1512.6333,2720.283
2011-09-14,113.2911,1495.0246,2733.108
2011-09-15,113.272,1496.1996,2729.051
2011-09-16,113.2223,1500.1495,2733.987
2011-09-19,113.1917,1463.2435,2679.27
2011-09-20,113.1966,1463.2096,2689.845
2011-09-21,113.1882,1468.1975,2771.011
2011-09-22,113.2638,1431.654,2685.688
2011-09-23,113.4251,1388.9331,2669.478
2011-09-26,113.7479,1341.4097,2610.919
2011-09-27,113.7519,1373.8119,2637.879
2011-09-28,113.7064,1362.9248,2610.59
2011-09-29,113.7702,1331.3891,2588.185
2011-09-30,113.8444,1362.9292,2581.351
2011-10-10,114.1998,1352.2253,2557.082
2011-10-11,114.3016,1351.4663,2551.994
2011-10-12,114.2941,1366.6028,2644.758
2011-10-13,114.2347,1359.9145,2662.601
2011-10-14,114.2937,1372.6149,2653.782
2011-10-17,114.2828,1364.3187,2666.951
2011-10-18,114.3949,1331.709,2592.209
2011-10-19,114.4667,1328.83,2583.081
2011-10-20,114.6676,1286.1888,2520.532
2011-10-21,114.6533,1294.7889,2507.877
2011-10-24,114.6321,1334.425,2576.669
2011-10-25,114.5487,1342.9249,2625.425
2011-10-26,114.6026,1347.807,2651.652
2011-10-27,114.5529,1359.1949,2657.478
2011-10-28,114.5607,1368.471,2709.017
2011-10-31,114.65,1351.1049,2695.307
2011-11-01,114.8018,1343.0174,2697.534
2011-11-02,114.9274,1356.1261,2742.39
2011-11-03,114.99,1336.2765,2744.301
2011-11-04,115.0768,1366.6202,2763.746
2011-11-07,115.0977,1351.0174,2736.248
2011-11-08,115.2488,1350.1214,2727.71
2011-11-09,115.5236,1351.3599,2751.654
2011-11-10,116.115,1313.1565,2699.588
2011-11-11,116.1174,1325.8241,2695.002
2011-11-14,116.1472,1355.5088,2750.195
2011-11-15,116.0774,1348.0051,2744.68
2011-11-16,115.9938,1336.968,2670.116
2011-11-17,115.9596,1347.6841,2662.017
2011-11-18,115.9245,1334.2112,2606.495
2011-11-21,115.8319,1323.1931,2609.687
2011-11-22,115.7873,1319.1678,2609.475
2011-11-23,115.8479,1308.2735,2584.011
2011-11-24,115.9328,1307.037,2588.915
2011-11-25,115.9666,1296.0142,2569.973
2011-11-28,115.917,1314.427,2573.321
2011-11-29,115.8507,1320.7783,2608.569
2011-11-30,115.9142,1309.0611,2521.52
2011-12-01,116.617,1346.7415,2583.613
2011-12-02,116.8371,1345.1523,2557.311
2011-12-05,116.8616,1347.7496,2521.385
2011-12-06,116.8305,1344.3012,2516.341
2011-12-07,116.8461,1353.4556,2528.228
2011-12-08,116.8108,1347.571,2525.001
2011-12-09,116.862,1339.8985,2503.461
2011-12-12,116.785,1329.639,2477.692
2011-12-13,116.7257,1321.7878,2421.928
2011-12-14,116.6706,1319.489,2397.48
2011-12-15,116.6594,1300.8407,2340.788
2011-12-16,116.6445,1318.6834,2390.129
2011-12-19,116.6563,1313.512,2384.408
2011-12-20,116.6686,1314.5587,2377.073
2011-12-21,116.6424,1320.2227,2339.108
2011-12-22,116.6456,1324.1129,2341.335
2011-12-23,116.6388,1333.5763,2359.159
2011-12-26,116.6332,1323.8716,2335.702
2011-12-27,116.6318,1323.0186,2305.035
2011-12-28,116.6457,1327.8608,2307.928
2011-12-29,116.6988,1317.432,2311.361
2011-12-30,116.7579,1323.1581,2345.742
2012-01-04,116.7811,1325.5516,2298.753
2012-01-05,116.6926,1338.3194,2276.385
2012-01-06,116.7781,1337.9823,2290.601
2012-01-09,116.8229,1336.892,2368.57
2012-01-10,116.8486,1346.9497,2447.349
2012-01-11,116.7899,1353.6195,2435.608
2012-01-12,116.7867,1356.152,2435.219
2012-01-13,116.7362,1353.4246,2394.334
2012-01-16,116.7093,1352.018,2345.649
2012-01-17,116.7311,1371.0043,2460.601
2012-01-18,116.7242,1370.1547,2422.189
2012-01-19,116.8049,1378.613,2468.35
2012-01-20,116.8667,1392.3533,2504.086
2012-01-30,116.8382,1389.4531,2460.72
2012-01-31,116.8315,1393.1796,2464.26
2012-02-01,116.8144,1386.0257,2428.994
2012-02-02,116.7682,1392.402,2486.238
2012-02-03,116.7946,1396.9925,2506.09
2012-02-06,116.6846,1410.3085,2504.322
2012-02-07,116.6296,1400.789,2457.954
2012-02-08,116.4847,1420.1065,2528.236
2012-02-09,116.3968,1411.3469,2529.231
2012-02-10,116.4061,1405.9455,2533.624
2012-02-13,116.4887,1405.7277,2531.981
2012-02-14,116.463,1399.3927,2522.107
2012-02-15,116.3933,1398.2192,2549.607
2012-02-16,116.3399,1380.7832,2536.074
2012-02-17,116.254,1387.8779,2537.086
2012-02-20,116.4018,1391.7684,2540.706
2012-02-21,116.3949,1403.3687,2562.453
2012-02-22,116.4032,1407.2838,2597.476
2012-02-23,116.3979,1406.6351,2606.256
2012-02-24,116.3992,1403.1727,2648.017
2012-02-27,116.2589,1411.3554,2656.573
2012-02-28,116.2186,1420.3649,2662.463
2012-02-29,116.2385,1422.4378,2634.143
2012-03-01,116.2374,1410.6802,2633.345
2012-03-02,116.227,1421.539,2679.934
2012-03-05,116.2062,1416.8441,2662.698
2012-03-06,116.2346,1409.07,2621.052
2012-03-07,116.271,1396.8918,2603.005
2012-03-08,116.3379,1400.0193,2635.791
2012-03-09,116.3296,1418.6927,2664.302
2012-03-12,116.3759,1417.5996,2654.402
2012-03-13,116.4086,1425.1803,2681.073
2012-03-14,116.3511,1418.1711,2605.106
2012-03-15,116.3135,1417.7367,2585.546
2012-03-16,116.3493,1418.7187,2623.52
2012-03-19,116.2986,1415.9869,2630.013
2012-03-20,116.2916,1410.517,2584.445
2012-03-21,116.2682,1412.5187,2587.793
2012-03-22,116.2512,1406.9842,2583.747
2012-03-23,116.3849,1412.5664,2552.94
2012-03-26,116.3762,1415.1931,2555.442
2012-03-27,116.3461,1420.8603,2547.143
2012-03-28,116.3469,1413.7459,2474.9
2012-03-29,116.424,1405.4191,2443.122
2012-03-30,116.4053,1404.7358,2454.899
2012-04-05,116.3916,1416.4654,2512.832
2012-04-06,116.366,1424.7659,2519.83
2012-04-09,116.3415,1422.6875,2495.146
2012-04-10,116.3663,1424.1884,2519.788
2012-04-11,116.3879,1408.5613,2520.036
2012-04-12,116.332,1413.6903,2570.436
2012-04-13,116.3025,1411.8408,2580.454
2012-04-16,116.3036,1398.9045,2574.044
2012-04-17,116.3089,1397.2643,2541.883
2012-04-18,116.2843,1408.2957,2599.908
2012-04-19,116.2229,1406.4574,2596.056
2012-04-20,116.3005,1406.5978,2626.839
2012-04-23,116.3319,1402.5311,2606.038
2012-04-24,116.347,1397.917,2604.866
2012-04-25,116.3184,1398.8163,2625.99
2012-04-26,116.3009,1404.9565,2631.487
2012-04-27,116.3242,1404.657,2626.157
2012-05-02,116.3143,1404.5997,2683.487
2012-05-03,116.3202,1394.5464,2691.518
2012-05-04,116.307,1398.6172,2715.879
2012-05-07,116.3011,1385.4007,2717.778
2012-05-08,116.3076,1384.7851,2709.116
2012-05-09,116.3696,1373.9306,2657.514
2012-05-10,116.4474,1377.7794,2657.214
2012-05-11,116.6112,1357.2915,2636.917
2012-05-14,117.0956,1339.6425,2615.534
2012-05-15,117.3755,1336.2943,2617.374
2012-05-16,117.5585,1315.7099,2574.647
2012-05-17,117.4528,1331.6598,2613.942
2012-05-18,117.5373,1323.5491,2573.976
2012-05-21,117.4725,1337.0672,2587.231
2012-05-22,117.4368,1332.2927,2627.525
2012-05-23,117.4325,1313.0904,2616.869
2012-05-24,117.6528,1316.908,2595.26
2012-05-25,117.9465,1316.9235,2573.103
2012-05-28,117.9079,1326.2748,2614.689
2012-05-29,117.8121,1331.693,2650.854
2012-05-30,117.701,1322.5091,2642.258
2012-05-31,117.816,1314.1898,2632.042
2012-06-01,117.8852,1304.9394,2632.998
2012-06-04,117.857,1275.826,2559.026
2012-06-05,117.8291,1288.1794,2558.842
2012-06-06,117.7986,1290.1824,2557.401
2012-06-07,117.7658,1293.5948,2542.184
2012-06-08,117.9184,1282.9929,2524.329
2012-06-11,117.785,1303.1876,2558.265
2012-06-12,117.7081,1292.0708,2540.178
2012-06-13,117.5803,1291.6772,2580.636
2012-06-14,117.5246,1288.3152,2560.421
2012-06-15,117.5554,1302.0507,2568.054
2012-06-18,117.4436,1306.8744,2581.212
2012-06-19,117.3634,1307.6359,2558.621
2012-06-20,117.3318,1317.461,2552.611
2012-06-21,117.376,1300.7793,2512.185
2012-06-25,117.3928,1300.6626,2456.518
2012-06-26,117.442,1296.1352,2454.915
2012-06-27,117.5146,1294.1286,2447.195
2012-06-28,117.5505,1300.5754,2425.729
2012-06-29,117.5767,1310.632,2461.612
2012-07-02,117.552,1315.4025,2465.238
2012-07-03,117.5358,1331.5124,2468.721
2012-07-04,117.5438,1334.8432,2464.919
2012-07-05,117.561,1341.9419,2430.37
2012-07-06,117.6749,1336.1701,2472.614
2012-07-09,117.7004,1337.9681,2416.036
2012-07-10,117.7064,1329.7559,2406.706
2012-07-11,117.7266,1327.2612,2425.572
2012-07-12,117.7555,1324.5703,2449.181
2012-07-13,117.7492,1337.516,2450.633
2012-07-16,117.6949,1346.2683,2399.731
2012-07-17,117.6727,1333.9112,2414.201
2012-07-18,117.6237,1329.8032,2414.335
2012-07-19,117.5934,1336.1875,2424.322
2012-07-20,117.5892,1327.9032,2398.455
2012-07-23,117.5754,1303.3188,2365.431
2012-07-24,117.5141,1295.5595,2375.992
2012-07-25,117.4549,1285.6173,2360.083
2012-07-26,117.4455,1289.572,2347.488
2012-07-27,117.4109,1302.0813,2349.108
2012-07-30,117.4135,1301.4905,2335.793
2012-07-31,117.3511,1307.8193,2332.922
2012-08-01,117.3354,1303.9036,2358.651
2012-08-02,117.3183,1298.1393,2334.882
2012-08-03,117.2893,1295.1509,2353.737
2012-08-06,117.2096,1302.0179,2385.611
2012-08-07,117.1325,1306.9003,2388.873
2012-08-08,117.0469,1298.1506,2389.795
2012-08-09,117.0455,1311.327,2411.7
2012-08-10,117.0846,1307.0753,2399.751
2012-08-13,117.0597,1298.0889,2351.931
2012-08-14,116.9946,1295.768,2357.016
2012-08-15,116.9083,1301.8224,2331.615
2012-08-16,116.8582,1298.1969,2319.67
2012-08-17,116.7993,1302.0074,2313.476
2012-08-20,116.6389,1299.5333,2301.788
2012-08-21,116.62,1306.3116,2313.703
2012-08-22,116.4286,1306.7278,2295.586
2012-08-23,116.4216,1313.3988,2302.199
2012-08-24,116.4611,1309.5388,2275.677
2012-08-27,116.4425,1319.9066,2228.204
2012-08-28,116.383,1307.5642,2238.411
2012-08-29,116.3708,1303.0669,2214.814
2012-08-30,116.309,1310.1005,2211.37
2012-08-31,116.2632,1302.9685,2204.868
2012-09-03,116.3019,1315.5726,2228.369
2012-09-04,116.3459,1309.1025,2204.407
2012-09-05,116.3314,1300.0404,2199.875
2012-09-06,116.3252,1305.4085,2217.823
2012-09-07,116.1843,1313.5212,2317.179
2012-09-10,116.0155,1340.8659,2326.666
2012-09-11,115.9288,1340.0456,2311.89
2012-09-12,115.7043,1344.7165,2320.071
2012-09-13,115.6387,1337.9885,2298.461
2012-09-14,115.4119,1372.0684,2315.542
2012-09-17,115.2508,1363.4505,2258.705
2012-09-18,115.3481,1361.0354,2235.239
2012-09-19,115.3124,1369.6244,2246.236
2012-09-20,115.3571,1349.8007,2195.951
2012-09-21,115.3954,1349.8946,2199.063
2012-09-24,115.37,1336.8638,2215.516
2012-09-25,115.4716,1339.2472,2210.154
2012-09-26,115.6319,1335.4097,2184.891
2012-09-27,115.7671,1338.0056,2251.717
2012-09-28,115.7758,1351.3777,2293.106
2012-10-08,115.6784,1338.8334,2270.054
2012-10-09,115.6736,1355.8072,2320.157
2012-10-10,115.6602,1354.0724,2324.117
2012-10-11,115.6856,1351.3952,2302.533
2012-10-12,115.7941,1348.3459,2304.531
2012-10-15,115.8154,1337.0865,2294.857
2012-10-16,115.7794,1343.6956,2298.162
2012-10-17,115.741,1346.6639,2300.803
2012-10-18,115.7042,1354.4354,2336.077
2012-10-19,115.6734,1342.0926,2332.47
2012-10-22,115.6722,1344.5,2341.592
2012-10-23,115.6171,1329.09,2312.077
2012-10-24,115.5726,1337.14,2307.779
2012-10-25,115.5537,1338.96,2291.239
2012-10-26,115.5369,1330.77,2247.907
2012-10-29,115.5596,1323.39,2235.854
2012-10-30,115.5941,1323.36,2239.882
2012-10-31,115.5803,1328.96,2254.82
2012-11-01,115.5182,1337.05,2297.884
2012-11-02,115.5409,1329.96,2306.774
2012-11-05,115.5543,1317.03,2301.88
2012-11-06,115.5743,1322.33,2292.206
2012-11-07,115.5781,1325.22,2287.505
2012-11-08,115.581,1316.78,2245.405
2012-11-09,115.6243,1319.65,2240.924
2012-11-12,115.6112,1313.68,2251.848
2012-11-13,115.6446,1309.42,2212.44
2012-11-14,115.642,1318.96,2223.11
2012-11-15,115.6493,1317.94,2193.623
2012-11-16,115.7061,1315.26,2177.24
2012-11-19,115.808,1317.27,2174.985
2012-11-20,115.7984,1318.89,2164.881
2012-11-21,115.7547,1320.07,2194.896
2012-11-22,115.7009,1321.69,2177.546
2012-11-23,115.6692,1324.73,2192.676
2012-11-26,115.6211,1324.3,2175.599
2012-11-27,115.5892,1319.96,2150.638
2012-11-28,115.55,1315.79,2129.161
2012-11-29,115.5254,1312.46,2115.676
2012-11-30,115.5084,1322.35,2139.661
2012-12-03,115.4971,1333.67,2108.85
2012-12-04,115.4718,1330.43,2131.473
2012-12-05,115.4414,1339.29,2207.878
2012-12-06,115.4451,1336.71,2203.602
2012-12-07,115.4365,1343.64,2246.757
2012-12-10,115.4126,1353.67,2271.046
2012-12-11,115.4281,1349.08,2258.5
2012-12-12,115.4386,1350.96,2267.767
2012-12-13,115.4417,1345.17,2242.635
2012-12-14,115.4333,1358.6,2355.865
2012-12-17,115.4076,1369.09,2366.7
2012-12-18,115.4076,1367.23,2368.12
2012-12-19,115.3811,1363.07,2371.109
2012-12-20,115.3572,1352.22,2384.816
2012-12-21,115.3495,1349.91,2372.002
2012-12-24,115.3376,1351.91,2381.217
2012-12-25,115.3599,1357.13,2448.395
2012-12-26,115.3917,1360.75,2457.619
2012-12-27,115.4863,1367.79,2444.594
2012-12-28,115.535,1371.87,2480.049
2012-12-31,115.5597,1378.96,2522.952
2013-01-04,115.4622,1381.29,2524.409
2013-01-07,115.6034,1382.6,2535.985
2013-01-08,115.6727,1384.39,2525.33
2013-01-09,115.6863,1379.8,2526.126
2013-01-10,115.6515,1383.42,2530.569
2013-01-11,115.5826,1370.52,2483.23
2013-01-14,115.5737,1380.48,2577.725
2013-01-15,115.6247,1371.64,2595.856
2013-01-16,115.6304,1373.41,2577.092
2013-01-17,115.6658,1373.26,2552.758
2013-01-18,115.758,1386.46,2595.439
2013-01-21,115.8069,1380.5,2610.898
2013-01-22,115.8522,1387.32,2596.898
2013-01-23,115.8382,1389.75,2607.456
2013-01-24,115.8102,1381.09,2582.755
2013-01-25,115.8173,1384.89,2571.674
2013-01-28,115.7675,1384.15,2651.863
2013-01-29,115.7772,1390.14,2675.866
2013-01-30,115.7525,1398.88,2688.711
2013-01-31,115.7716,1406.43,2686.882
2013-02-01,115.7945,1408.69,2743.324
2013-02-04,115.7891,1416.64,2748.028
2013-02-05,115.8495,1410.4,2771.675
2013-02-06,115.8691,1407.84,2775.844
2013-02-07,115.9013,1401.88,2759.87
2013-02-08,115.9283,1401.05,2771.725
2013-02-18,115.9273,1384.54,2737.471
2013-02-19,115.9555,1386.91,2685.606
2013-02-20,115.9956,1386.17,2702.635
2013-02-21,115.9764,1365.92,2610.549
2013-02-22,115.9403,1367.99,2596.604
2013-02-25,115.8797,1357.23,2604.96
2013-02-26,115.8411,1343.03,2567.595
2013-02-27,115.872,1350.95,2594.677
2013-02-28,115.8487,1358.2,2673.327
2013-03-01,115.837,1345.11,2668.836
2013-03-04,115.936,1334.4,2545.715
2013-03-05,115.9468,1345.58,2622.807
2013-03-06,115.9487,1342.36,2650.202
2013-03-07,115.9392,1335.7,2619.479
2013-03-08,115.9306,1339.57,2606.927
2013-03-11,115.8676,1333.72,2592.372
2013-03-12,115.8866,1323.32,2555.615
2013-03-13,115.8944,1321.86,2527.486
2013-03-14,115.8782,1312.49,2534.273
2013-03-15,115.8394,1325.05,2539.873
2013-03-18,115.8365,1304.29,2502.493
2013-03-19,115.834,1308.9,2525.097
2013-03-20,115.8313,1316.1,2610.174
2013-03-21,115.8125,1321.37,2614.988
2013-03-22,115.8174,1315.83,2618.308
2013-03-25,115.8246,1318.4,2613.097
2013-03-26,115.8226,1313.56,2575.05
2013-03-27,115.8163,1310.24,2583.53
2013-03-28,115.8397,1300,2499.302
2013-03-29,115.8652,1293.57,2495.083
2013-04-01,115.9263,1275.27,2493.187
2013-04-02,116.0242,1285.43,2486.391
2013-04-03,116.1128,1278.72,2483.547
2013-04-08,116.1044,1288.59,2472.299
2013-04-09,116.144,1290.21,2489.43
2013-04-10,116.1994,1294.85,2485.309
2013-04-11,116.1707,1285.78,2477.876
2013-04-12,116.1813,1286.28,2462.112
2013-04-15,116.2181,1256.01,2436.818
2013-04-16,116.3407,1246.55,2459.592
2013-04-17,116.2666,1235.75,2458.473
2013-04-18,116.1776,1222.2,2464.851
2013-04-19,116.0954,1231.79,2533.827
2013-04-22,116.0272,1211.17,2530.67
2013-04-23,116.107,1204.47,2449.471
2013-04-24,116.1185,1216.78,2495.579
2013-04-25,116.1426,1222.94,2467.875
2013-04-26,116.244,1226.4,2447.306
2013-05-02,116.3274,1211.56,2449.639
2013-05-03,116.3635,1227.63,2492.912
2013-05-06,116.2847,1242.85,2525.983
2013-05-07,116.4014,1236.22,2529.938
2013-05-08,116.3184,1250.98,2542.798
2013-05-09,116.316,1246.22,2527.794
2013-05-10,116.3534,1257.34,2540.836
2013-05-13,116.3476,1252.93,2530.768
2013-05-14,116.3566,1248.02,2493.338
2013-05-15,116.3597,1231.29,2506.925
2013-05-16,116.3492,1232.83,2552.709
2013-05-17,116.3144,1246.87,2592.048
2013-05-20,116.2911,1241.32,2609.607
2013-05-21,116.271,1248.88,2614.853
2013-05-22,116.2625,1251.35,2618.034
2013-05-23,116.2651,1231.5,2582.849
2013-05-24,116.2839,1237.05,2597.228
2013-05-27,116.2991,1229.47,2599.587
2013-05-28,116.3309,1230.98,2644.359
2013-05-29,116.2594,1223.14,2642.561
2013-05-30,116.256,1226.26,2634.323
2013-05-31,116.2168,1226.5,2606.426
2013-06-03,116.1826,1235.64,2602.623
2013-06-04,116.1569,1235.72,2565.666
2013-06-05,116.1213,1238.47,2560.539
2013-06-06,116.0572,1223.96,2527.845
2013-06-07,115.9617,1229.21,2484.16
2013-06-13,115.9538,1214.99,2399.937
2013-06-14,115.8158,1217.46,2416.771
2013-06-17,115.766,1224.35,2403.839
2013-06-18,115.671,1222.31,2418.745
2013-06-19,115.3504,1224.4,2400.765
2013-06-20,114.3986,1206.86,2321.466
2013-06-21,114.3283,1198.65,2317.394
2013-06-24,114.3494,1179.28,2171.21
2013-06-25,114.4727,1189.7,2165.421
2013-06-26,115.0502,1177.83,2168.297
2013-06-27,115.1963,1184.53,2160.735
2013-06-28,115.3739,1182.59,2200.639
2013-07-01,115.3937,1192.57,2213.317
2013-07-02,115.4953,1198.11,2221.984
2013-07-03,115.5331,1199.18,2203.828
2013-07-04,115.6142,1198.87,2221.979
2013-07-05,115.6496,1192.98,2226.849
2013-07-08,115.5685,1180.28,2163.619
2013-07-09,115.5003,1185.51,2162.669
2013-07-10,115.4138,1188.51,2224.065
2013-07-11,115.2483,1208.19,2326.688
2013-07-12,115.085,1196.47,2275.373
2013-07-15,115.0656,1193.8,2307.297
2013-07-16,115.0261,1197.81,2317.848
2013-07-17,114.9639,1203.45,2282.836
2013-07-18,114.9072,1204.1,2245.328
2013-07-19,114.8692,1204.71,2190.478
2013-07-22,114.6593,1212.98,2202.189
2013-07-23,114.4035,1213.98,2265.845
2013-07-24,114.2028,1214.93,2249.151
2013-07-25,114.2495,1211.03,2237.683
2013-07-26,114.3383,1198.35,2224.008
2013-07-29,114.2884,1185.75,2175.97
2013-07-30,114.3147,1185.03,2189.388
2013-07-31,114.3498,1193.39,2193.021
2013-08-01,114.4267,1200.18,2245.364
2013-08-02,114.5271,1200.04,2247.263
2013-08-05,114.4879,1204.85,2278.329
2013-08-06,114.4623,1204.5,2293.641
2013-08-07,114.3605,1198.95,2280.623
2013-08-08,114.1244,1215.25,2276.782
2013-08-09,114.0387,1220.8,2286.01
2013-08-12,113.9581,1237.75,2352.794
2013-08-13,113.7201,1247.96,2359.068
2013-08-14,113.5946,1240.28,2349.08
2013-08-15,113.4924,1244.06,2321.576
2013-08-16,113.5019,1254.02,2304.144
2013-08-19,113.3952,1254.31,2331.43
2013-08-20,113.1349,1244.94,2312.465
2013-08-21,113.1522,1246.91,2308.589
2013-08-22,113.1262,1248.63,2303.932
2013-08-23,113.2359,1254.45,2286.929
2013-08-26,113.3327,1275.3,2335.616
2013-08-27,113.345,1276.22,2340.881
2013-08-28,113.261,1264.21,2328.056
2013-08-29,113.202,1258.68,2318.311
2013-08-30,113.1716,1251.7,2313.91
2013-09-02,113.1213,1269.3,2320.344
2013-09-03,113.0474,1266.48,2354.502
2013-09-04,112.9336,1259.8,2350.699
2013-09-05,112.8605,1257.78,2341.735
2013-09-06,112.8654,1263.08,2357.782
2013-09-09,112.8449,1269.43,2440.609
2013-09-10,112.7719,1259.81,2474.894
2013-09-11,112.6887,1261.61,2482.889
2013-09-12,112.5997,1252.04,2507.455
2013-09-13,112.5668,1249.11,2488.902
2013-09-16,112.6022,1241.21,2478.39
2013-09-17,112.6806,1244.87,2427.322
2013-09-18,112.6961,1247.83,2432.51
2013-09-23,112.862,1251.37,2472.288
2013-09-24,112.8191,1248.55,2443.885
2013-09-25,112.8862,1249.55,2429.03
2013-09-26,112.987,1251.8,2384.443
2013-09-27,112.9876,1246.35,2394.971
2013-09-30,112.9587,1245.89,2409.037
2013-10-08,113.0031,1254.24,2441.811
2013-10-09,112.9533,1252.06,2453.583
2013-10-10,112.9366,1250.93,2429.317
2013-10-11,112.9035,1253.5,2468.508
2013-10-14,112.8215,1262.08,2472.542
2013-10-15,112.7623,1258.68,2467.517
2013-10-16,112.6623,1254.78,2421.371
2013-10-17,112.6503,1247.81,2413.33
2013-10-18,112.6059,1253.54,2426.054
2013-10-21,112.5506,1259.59,2471.322
2013-10-22,112.4974,1252.51,2445.891
2013-10-23,112.4576,1249.94,2418.491
2013-10-24,112.1532,1247.14,2400.511
2013-10-25,111.9497,1233.14,2368.559
2013-10-28,111.8794,1234.58,2365.954
2013-10-29,111.7827,1235.69,2372.053
2013-10-30,111.7147,1243.21,2407.471
2013-10-31,111.744,1237.58,2373.718
2013-11-01,111.8345,1242.94,2384.96
2013-11-04,111.8193,1237.7,2380.454
2013-11-05,111.7075,1235.88,2383.769
2013-11-06,111.4827,1232.55,2353.568
2013-11-07,111.3107,1235.5,2340.552
2013-11-08,111.1031,1231.59,2307.945
2013-11-11,110.5683,1232.54,2315.889
2013-11-12,110.6155,1231.99,2340
2013-11-13,110.5096,1229.3,2288.116
2013-11-14,110.4662,1229.99,2304.501
2013-11-15,110.2285,1223.41,2350.734
2013-11-18,110.1447,1222.29,2428.903
2013-11-19,110.0794,1222.34,2412.163
2013-11-20,109.9592,1229.22,2424.85
2013-11-21,110.0381,1225.36,2409.989
2013-11-22,110.1596,1227.01,2397.962
2013-11-25,110.1971,1224.51,2388.629
2013-11-26,110.2382,1228.22,2387.416
2013-11-27,110.4141,1228.67,2414.481
2013-11-28,110.5222,1229.7,2439.53
2013-11-29,110.7214,1234.83,2438.944
2013-12-02,110.5616,1237.59,2418.788
2013-12-03,110.569,1233.07,2442.784
2013-12-04,110.6191,1236.75,2475.135
2013-12-05,110.4919,1234.86,2468.197
2013-12-06,110.4553,1237.39,2452.287
2013-12-09,110.3925,1241.65,2450.872
2013-12-10,110.2008,1242.47,2453.322
2013-12-11,110.2347,1241.82,2412.763
2013-12-12,110.333,1244.63,2410.015
2013-12-13,110.4513,1231.16,2406.639
2013-12-16,110.3477,1230.24,2367.923
2013-12-17,110.2954,1229.46,2356.376
2013-12-18,110.1536,1225.92,2357.226
2013-12-19,110.0256,1221.83,2332.41
2013-12-20,109.9359,1219.51,2278.136
2013-12-23,109.9015,1214.71,2284.602
2013-12-24,109.8893,1212.49,2288.248
2013-12-25,109.9144,1216.31,2305.11
2013-12-26,109.9186,1215.29,2265.334
2013-12-27,109.9309,1220.4,2303.478
2013-12-30,109.8941,1213.84,2299.458
2013-12-31,109.8143,1208.4,2330.026
2014-01-02,109.8155,1211.58,2321.978
2014-01-03,109.7414,1198.59,2290.779
2014-01-06,109.7165,1189.46,2238.637
2014-01-07,109.7225,1182.43,2238.001
2014-01-08,109.7933,1181.16,2241.911
2014-01-09,109.889,1176.94,2222.221
2014-01-10,109.889,1180.48,2204.851
2014-01-13,109.8923,1175.07,2193.679
2014-01-14,109.9327,1184.41,2212.846
2014-01-15,109.9682,1181.08,2208.941
2014-01-16,110.0004,1181.66,2211.844
2014-01-17,110.0522,1179.96,2178.488
2014-01-20,110.0398,1182.33,2165.993
2014-01-21,110.252,1173.54,2187.41
2014-01-22,110.4358,1173.07,2243.796
2014-01-23,110.4626,1174.08,2231.889
2014-01-24,110.5563,1175.91,2245.678
2014-01-27,110.8308,1167.55,2215.919
2014-01-28,110.8331,1157.13,2219.855
2014-01-29,110.8205,1160.44,2227.781
2014-01-30,110.813,1156.54,2202.45
2014-02-07,110.9637,1159.83,2212.483
2014-02-10,110.9518,1170.19,2267.534
2014-02-11,110.9331,1161.79,2285.562
2014-02-12,110.977,1164.97,2291.246
2014-02-13,111.0721,1164.04,2279.554
2014-02-14,111.1386,1167.54,2295.575
2014-02-17,111.1719,1179.69,2311.647
2014-02-18,111.1338,1172.08,2282.442
2014-02-19,111.1378,1176.5,2308.656
2014-02-20,111.1386,1168.14,2287.436
2014-02-21,111.2544,1168,2264.294
2014-02-24,111.4101,1153.23,2214.509
2014-02-25,111.69,1148.46,2157.909
2014-02-26,111.7212,1148.42,2163.405
2014-02-27,112.0802,1142.83,2154.108
2014-02-28,112.0791,1138.27,2178.971
2014-03-03,112.0115,1138.54,2190.37
2014-03-04,111.822,1136.4,2184.273
2014-03-05,111.5505,1145.33,2163.976
2014-03-06,111.4786,1143.51,2173.634
2014-03-07,111.5448,1138.45,2168.358
2014-03-10,111.6649,1111.84,2097.787
2014-03-11,111.7251,1120.56,2108.661
2014-03-12,111.7753,1119.24,2114.134
2014-03-13,111.8738,1120.81,2140.333
2014-03-14,111.9497,1112.64,2122.836
2014-03-17,111.9536,1103.18,2143.038
2014-03-18,111.852,1105.76,2138.133
2014-03-19,111.6516,1108.15,2120.87
2014-03-20,111.5788,1105.38,2086.967
2014-03-21,111.6348,1101.7,2158.798
2014-03-24,111.6239,1104.97,2176.554
2014-03-25,111.6094,1115.25,2174.44
2014-03-26,111.6054,1116.72,2171.047
2014-03-27,111.5759,1115.81,2155.707
2014-03-28,111.5443,1126.14,2151.965
2014-03-31,111.5542,1127.56,2146.305
2014-04-01,111.4801,1131.24,2163.115
2014-04-02,111.4269,1127.05,2180.727
2014-04-03,111.3187,1125.84,2165.008
2014-04-04,111.3393,1133.19,2185.472
2014-04-08,111.3728,1139.7,2237.316
2014-04-09,111.3051,1132.45,2238.62
2014-04-10,111.2865,1127.84,2273.761
2014-04-11,111.3929,1128.42,2270.666
2014-04-14,111.5298,1130.72,2268.613
2014-04-15,111.6193,1131.4,2229.463
2014-04-16,111.6162,1130.04,2232.526
2014-04-17,111.9178,1129.89,2224.803
2014-04-18,111.9647,1116.99,2224.479
2014-04-21,111.9841,1110.32,2187.248
2014-04-22,112.0103,1113.8,2196.795
2014-04-23,111.9369,1115.42,2194.668
2014-04-24,111.9492,1120.51,2190.474
2014-04-25,111.9694,1122.46,2167.826
2014-04-28,111.9837,1124.25,2134.969
2014-04-29,112.013,1123.48,2158.47
2014-04-30,112.0767,1119.49,2158.659
2014-05-05,112.1786,1118,2156.47
2014-05-06,112.2844,1111.22,2157.328
2014-05-07,112.3651,1109.29,2137.316
2014-05-08,112.5555,1104.53,2135.496
2014-05-09,112.7883,1105.84,2133.911
2014-05-12,112.7492,1114.25,2180.054
2014-05-13,112.7121,1116.43,2174.852
2014-05-14,112.6226,1123.26,2172.372
2014-05-15,112.5616,1119.77,2144.084
2014-05-16,112.5362,1109.43,2145.952
2014-05-19,112.5734,1118.83,2115.143
2014-05-20,112.5452,1117.26,2115.771
2014-05-21,112.5744,1113.51,2135.905
2014-05-22,112.6131,1118.31,2130.868
2014-05-23,112.6277,1121.75,2148.414
2014-05-26,112.6498,1131.05,2155.976
2014-05-27,112.7129,1125.27,2147.28
2014-05-28,112.8231,1123.44,2169.352
2014-05-29,112.8902,1119.91,2155.164
2014-05-30,112.9793,1116.75,2156.464
2014-06-03,113.2857,1112.9,2149.918
2014-06-04,113.4252,1112.25,2128.274
2014-06-05,113.4248,1116.57,2150.602
2014-06-06,113.378,1116.38,2134.716
2014-06-09,113.3172,1112.82,2134.281
2014-06-10,113.4359,1112.4,2161.268
2014-06-11,113.4638,1111.36,2160.766
2014-06-12,113.4897,1104.93,2153.41
2014-06-13,113.4346,1110.75,2176.242
2014-06-16,113.5231,1110.83,2191.855
2014-06-17,113.5735,1110.86,2169.674
2014-06-18,113.5161,1109.74,2160.239
2014-06-19,113.5336,1110.55,2126.907
2014-06-20,113.596,1124.38,2136.729
2014-06-23,113.5832,1131.47,2134.11
2014-06-24,113.599,1128.81,2144.821
2014-06-25,113.5933,1129.39,2133.371
2014-06-26,113.5868,1136.96,2149.076
2014-06-27,113.5915,1132,2150.258
2014-06-30,113.5172,1126.37,2165.118
2014-07-01,113.4304,1123.05,2164.559
2014-07-02,113.2804,1122.55,2170.867
2014-07-03,113.1679,1122.04,2180.192
2014-07-04,113.0624,1119.59,2178.695
2014-07-07,113.1382,1106.62,2176.289
2014-07-08,113.1705,1110.14,2180.473
2014-07-09,113.1618,1104.36,2148.71
2014-07-10,113.1639,1101.39,2142.847
2014-07-11,113.1653,1100.1,2148.009
2014-07-14,113.1089,1098.9,2171.758
2014-07-15,113.0043,1097.82,2174.976
2014-07-16,112.8921,1097.54,2170.868
2014-07-17,112.669,1096.37,2157.068
2014-07-18,112.5541,1091.07,2164.144
2014-07-21,112.6958,1091.7,2166.295
2014-07-22,112.7801,1096.54,2192.698
2014-07-23,112.8268,1092.55,2197.833
2014-07-24,112.8751,1092.71,2237.015
2014-07-25,112.9776,1091.44,2260.454
2014-07-28,113.0578,1094.47,2323.897
2014-07-29,112.9838,1101.76,2331.369
2014-07-30,112.9641,1094.79,2322.011
2014-07-31,113.0043,1094.55,2350.251
2014-08-01,113.0691,1087.27,2329.402
2014-08-04,113.0877,1096.05,2375.62
2014-08-05,113.0779,1095.26,2369.353
2014-08-06,113.1249,1090.76,2363.221
2014-08-07,113.117,1094.53,2327.457
2014-08-08,113.1394,1092.62,2331.134
2014-08-11,113.1156,1091.1,2365.349
2014-08-12,113.0494,1084.97,2357.052
2014-08-13,113.1301,1080.68,2358.901
2014-08-14,113.2529,1068.12,2335.945
2014-08-15,113.2498,1073.33,2360.635
2014-08-18,113.2477,1069.53,2374.562
2014-08-19,113.1369,1071.68,2374.768
2014-08-20,113.0493,1066.69,2366.14
2014-08-21,113.1018,1071.16,2354.244
2014-08-22,113.0914,1075.05,2365.364
2014-08-25,113.1182,1072.96,2342.863
2014-08-26,113.0864,1074.05,2324.092
2014-08-27,113.1935,1072.27,2327.595
2014-08-28,113.2499,1065.8,2311.278
2014-08-29,113.2359,1064.81,2338.287
2014-09-01,113.2386,1058.21,2355.317
2014-09-02,113.2826,1065.43,2386.46
2014-09-03,113.206,1057.79,2408.838
2014-09-04,113.184,1056.56,2426.224
2014-09-05,113.195,1050.11,2449.259
2014-09-09,113.1821,1037.03,2445.224
2014-09-10,113.1142,1032.9,2432.433
2014-09-11,113.0856,1027.43,2423.454
2014-09-12,113.1164,1033.82,2438.358
2014-09-15,113.2264,1038.79,2437.189
2014-09-16,113.1941,1036.07,2388.765
2014-09-17,113.3706,1043.16,2401.326
2014-09-18,113.5551,1034.67,2408.664
2014-09-19,113.8294,1020.58,2425.211
2014-09-22,113.9143,999.69,2378.92
2014-09-23,113.9808,1002.38,2399.462
2014-09-24,113.8263,1004.22,2441.864
2014-09-25,113.8171,999.66,2436.965
2014-09-26,113.8652,1009.17,2437.201
2014-09-29,113.9881,1005.38,2447.799
2014-09-30,114.0585,1009.01,2450.988
2014-10-08,113.9968,1006.3,2478.383
2014-10-09,113.9591,1015.73,2481.955
2014-10-10,113.9318,1004.3,2466.789
2014-10-13,114.0329,1016.69,2454.946
2014-10-14,114.3509,1019.39,2446.562
2014-10-15,114.6516,1017.34,2463.874
2014-10-16,114.7352,1010.28,2444.395
2014-10-17,114.9613,1008.32,2441.732
2014-10-20,115.3171,1011.21,2454.711
2014-10-21,115.4178,1011.26,2433.391
2014-10-22,115.3704,1013.78,2418.641
2014-10-23,115.3496,1017.82,2395.936
2014-10-24,115.3361,1026.15,2390.706
2014-10-27,115.3734,1017.64,2368.832
2014-10-28,115.4659,1018.68,2416.653
2014-10-29,115.6703,1028.13,2451.384
2014-10-30,115.6874,1025.72,2468.925
2014-10-31,115.7694,1025.18,2508.325
2014-11-03,115.9339,1014.19,2512.548
2014-11-04,116.4389,1007.39,2513.172
2014-11-05,116.4658,986.72,2503.448
2014-11-06,116.4105,991.34,2506.067
2014-11-07,116.684,1000.62,2502.153
2014-11-10,116.9879,1009.27,2565.73
2014-11-11,117.158,1004.07,2558.612
2014-11-12,117.0128,1013.43,2594.318
2014-11-13,116.8007,1010.56,2579.75
2014-11-14,116.5364,1003.3,2581.093
2014-11-17,116.1942,1006.1,2567.101
2014-11-18,116.1518,999.53,2541.416
2014-11-19,116.1778,998.94,2537.223
2014-11-20,116.1135,998.49,2537.099
2014-11-21,116.0152,1001.36,2583.455
2014-11-24,116.762,999.36,2649.258
2014-11-25,116.6748,1004.77,2685.561
2014-11-26,116.7088,998.41,2723.018
2014-11-27,116.6624,1007.78,2754.49
2014-11-28,116.663,998.85,2808.819
2014-12-01,116.6797,980.87,2819.812
2014-12-02,116.4795,990.28,2923.94
2014-12-03,116.2343,991.19,2967.549
2014-12-04,115.9658,997.53,3104.351
2014-12-05,115.5771,998.98,3124.885
2014-12-08,115.278,992.36,3252.881
2014-12-09,114.8825,991.22,3106.913
2014-12-10,115.1585,998.18,3221.546
2014-12-11,115.2861,995.85,3183.012
2014-12-12,115.2609,1001.83,3193.227
2014-12-15,115.1948,1004.6,3217.228
2014-12-16,115.2941,993.55,3303.402
2014-12-17,115.344,986.82,3360.598
2014-12-18,115.3477,987.46,3345.927
2014-12-19,115.4318,991.74,3383.167
2014-12-22,115.4883,987.18,3394.481
2014-12-23,115.7101,976.47,3324.924
2014-12-24,116.062,981.25,3230.385
2014-12-25,116.0648,981.87,3335.419
2014-12-26,116.0342,982.35,3445.839
2014-12-29,116.0823,991.35,3455.455
2014-12-30,116.0659,1007.9,3457.554
2014-12-31,116.024,1008.5,3533.705
2015-01-05,116.0595,996.78,3641.541
2015-01-06,116.0781,1006.85,3641.059
2015-01-07,116.1382,1002.42,3643.79
2015-01-08,116.0767,1002.31,3559.259
2015-01-09,116.1002,997.49,3546.723
2015-01-12,116.1362,992.64,3513.576
2015-01-13,116.3022,983.47,3514.04
2015-01-14,116.4334,970.54,3502.423
2015-01-15,116.4446,976.96,3604.121
2015-01-16,116.6027,977.16,3635.146
2015-01-19,116.699,983.76,3355.155
2015-01-20,116.728,978.33,3396.222
2015-01-21,116.7438,985.53,3548.885
2015-01-22,116.8434,987.39,3567.613
2015-01-23,116.8689,985.76,3571.732
2015-01-26,116.9637,973.1,3607.985
2015-01-27,116.9192,981.21,3574.931
2015-01-28,116.8281,980.02,3525.323
2015-01-29,116.6915,977.37,3481.798
2015-01-30,116.6204,968.25,3434.39
2015-02-02,116.6998,978.54,3353.96
2015-02-03,116.7336,985.06,3437.445
2015-02-04,116.7371,987.18,3401.768
2015-02-05,116.9559,984.69,3366.946
2015-02-06,116.881,995.81,3312.42
2015-02-09,116.9465,990.42,3345.921
2015-02-10,116.9715,992.02,3406.943
2015-02-11,117.0612,992.37,3434.124
2015-02-12,117.1128,990.31,3442.874
2015-02-13,117.1971,1002.8,3469.828
2015-02-16,117.334,1006.07,3499.483
2015-02-17,117.3371,1003.06,3522.322
2015-02-25,117.3137,995.1,3478.729
2015-02-26,117.2316,1004.77,3566.295
2015-02-27,117.1638,1005.59,3572.843
2015-03-02,117.0583,1010.51,3601.265
2015-03-03,116.9482,1003.23,3507.9
2015-03-04,116.9032,1001.04,3530.822
2015-03-05,116.7389,991.12,3496.344
2015-03-06,116.5819,985.91,3478.52
2015-03-09,116.4493,984.3,3537.75
2015-03-10,116.4268,977.31,3520.611
2015-03-11,116.5521,979.67,3524.653
2015-03-12,116.5894,987.43,3592.844
2015-03-13,116.5264,985.39,3617.657
2015-03-16,116.3608,982.74,3705.671
2015-03-17,116.3083,980.24,3757.122
2015-03-18,116.296,970.1,3846.055
2015-03-19,116.2788,974.74,3839.739
2015-03-20,116.3873,974.93,3892.574
2015-03-23,116.3128,989.86,3972.061
2015-03-24,116.2386,995.1177,3973.046
2015-03-25,116.1667,986.3,3940.412
2015-03-26,115.8837,989.62,3949.999
2015-03-27,115.7522,983.61,3971.697
2015-03-30,115.4885,978.13,4088.178
2015-03-31,115.2471,973.41,4051.204
2015-04-01,115.3679,974.34,4123.895
2015-04-02,115.6583,975.69,4124.776
2015-04-03,115.6467,974.09,4170.538
2015-04-07,115.5818,974.86,4260.044
2015-04-08,115.4891,971.45,4295.803
2015-04-09,115.48,961.03,4262.138
2015-04-10,115.5531,955.71,4344.416
2015-04-13,115.5949,969.37,4421.073
2015-04-14,115.8051,966.52,4438.184
2015-04-15,115.966,966.43,4380.513
2015-04-16,116.0617,973.09,4513.546
2015-04-17,116.0522,974.01,4596.136
2015-04-20,116.5089,972.32,4521.919
2015-04-21,116.6691,977.41,4619.164
2015-04-22,116.6348,983.15,4739.814
2015-04-23,116.4886,979.62,4740.892
2015-04-24,116.4034,991.89,4702.641
2015-04-27,116.5264,1007.6,4807.592
2015-04-28,116.5658,1007.74,4741.861
2015-04-29,116.6096,996.68,4774.326
2015-04-30,116.6814,1008.69,4749.886
2015-05-04,116.7019,1019.87,4787.741
2015-05-05,116.6444,1024.63,4596.837
2015-05-06,116.586,1033.05,4553.327
2015-05-07,116.6158,1023.46,4470.089
2015-05-08,116.7358,1021.8,4558.404
2015-05-11,116.8112,1025.56,4690.532
2015-05-12,117.1579,1016.63,4747.421
2015-05-13,117.6729,1019.75,4718.436
2015-05-14,117.9184,1014.68,4700.778
2015-05-15,117.8949,1016.69,4617.47
2015-05-18,117.7254,1017.65,4575.14
2015-05-19,117.5151,1009.42,4731.222
2015-05-20,117.5205,989.52,4754.919
2015-05-21,117.4456,995.67,4840.976
2015-05-22,117.4481,998.16,4951.335
2015-05-25,117.39,992.33,5099.495
2015-05-26,117.1365,994.38,5198.918
2015-05-27,117.1459,996.6,5181.434
2015-05-28,117.0402,1000.04,4834.007
2015-05-29,116.9479,1001.85,4840.829
2015-06-01,116.8228,1001.65,5076.179
2015-06-02,116.97,1006.08,5161.87
2015-06-03,117.0051,995.77,5143.59
2015-06-04,117.0452,996.93,5181.416
2015-06-05,117.052,989.48,5230.552
2015-06-08,117.1058,987.7,5353.751
2015-06-09,117.1123,987.21,5317.461
2015-06-10,117.0529,995.55,5309.112
2015-06-11,116.9884,995.63,5306.59
2015-06-12,116.9591,978.57,5335.1151
2015-06-15,116.9288,975.31,5221.1665
2015-06-16,116.9403,974.08,5064.8212
2015-06-17,116.9045,966.19,5138.8307
2015-06-18,116.9815,965.58,4930.5491
2015-06-19,116.9769,967.05,4637.0517
2015-06-23,116.8751,969.52,4786.0906
2015-06-24,116.8664,972.94,4880.1261
2015-06-25,116.9137,963.98,4706.5159
2015-06-26,116.9011,965.76,4336.1947
2015-06-29,116.8606,963.78,4191.5486
2015-06-30,116.8752,950.07,4472.9976
2015-07-01,116.9193,958.94,4253.021
2015-07-02,116.8887,962.12,4107.9961
2015-07-03,116.898,960.87,3885.9169
2015-07-06,117.1566,935.91,3998.537
2015-07-07,117.3378,921.61,3928.0025
2015-07-08,117.3854,883.01,3663.0375
2015-07-09,117.461,916.16,3897.6263
2015-07-10,117.3706,916.28,4106.5561
2015-07-13,117.2786,914.4,4211.8116
2015-07-14,117.1892,915.5,4112.1488
2015-07-15,117.1769,916.04,3966.7585
2015-07-16,117.2132,913.42,3997.3555
2015-07-17,117.2468,910.59,4151.4956
2015-07-20,117.2897,915.64,4160.612
2015-07-21,117.3269,916.12,4166.0057
2015-07-22,117.3471,907.49,4157.1604
2015-07-23,117.4214,907.1,4250.805
2015-07-24,117.5163,895.13,4176.2787
2015-07-27,117.5167,892.68,3818.7314
2015-07-28,117.5026,896.08,3811.0926
2015-07-29,117.6152,906.05,3930.3791
2015-07-30,117.6031,900.94,3815.4118
2015-07-31,117.5788,901.52,3816.6993
2015-08-03,117.5536,893.27,3829.2354
2015-08-04,117.6025,896.84,3948.1554
2015-08-05,117.6255,899.87,3866.8998
2015-08-06,117.7563,893.24,3831.8516
2015-08-07,117.865,893.22,3906.9448
2015-08-10,117.823,895.6,4084.3646
2015-08-11,117.6355,907.85,4066.6692
2015-08-12,117.5221,920.56,4016.1262
2015-08-13,117.5037,925.28,4075.463
2015-08-14,117.6216,919.4,4073.54
2015-08-17,117.578,913.7,4077.8721
2015-08-18,117.5576,907.47,3825.4122
2015-08-19,117.5337,907.05,3886.1357
2015-08-20,117.5471,901.48,3761.4541
2015-08-21,117.5763,904.58,3589.5358
2015-08-24,117.5907,874.74,3275.5342
2015-08-25,117.6229,873.55,3042.9266
2015-08-26,117.5553,871.58,3025.692
2015-08-27,117.6317,883.08,3205.6375
2015-08-28,117.6496,892.71,3342.2863
2015-08-31,117.7175,886.91,3366.5359
2015-09-01,117.7321,889.73,3362.0827
2015-09-02,117.7034,887.41,3365.8318
2015-09-07,117.6021,884.46,3250.485
2015-09-08,117.5515,890.34,3334.0233
2015-09-09,117.4809,898.94,3399.3054
2015-09-10,117.4702,905.53,3357.561
2015-09-11,117.4689,904.39,3347.1878
2015-09-14,117.502,896.62,3281.1317
2015-09-15,117.5408,890.47,3152.2319
2015-09-16,117.5767,898.9,3309.2484
2015-09-17,117.5558,896.61,3236.9986
2015-09-18,117.5343,892.7,3251.2732
2015-09-21,117.5255,893.48,3308.2467
2015-09-22,117.5305,886.71,3339.03
2015-09-23,117.4951,883.34,3263.0275
2015-09-24,117.5281,883.29,3284.9991
2015-09-25,117.5436,885.75,3231.9514
2015-09-28,117.5882,875.58,3242.7524
2015-09-29,117.7035,866.54,3178.8544
2015-09-30,117.7548,870.64,3202.9475
2015-10-08,117.753,878.7,3296.482
2015-10-09,117.8716,894.66,3340.1159
2015-10-12,117.9634,892.14,3447.6934
2015-10-13,118.0985,888.57,3445.0431
2015-10-14,118.2394,886.61,3406.1116
2015-10-15,118.2372,887.43,3486.815
2015-10-16,118.1614,881.32,3534.0653
2015-10-19,118.1463,875.83,3534.1821
2015-10-20,118.2197,875.57,3577.7027
2015-10-21,118.2348,871.28,3473.2544
2015-10-22,118.2831,876.48,3524.5339
2015-10-23,118.3507,878.27,3571.2411
2015-10-26,118.4225,869.46,3589.2611
2015-10-27,118.6355,868.68,3592.8794
2015-10-28,118.748,864.33,3524.9199
2015-10-29,118.6319,864.67,3533.3065
2015-10-30,118.5534,861.5,3534.0788
2015-11-02,118.5311,860.91,3475.9623
2015-11-03,118.4724,854.1,3465.4927
2015-11-04,118.3619,857.96,3628.5377
2015-11-05,118.3503,848.93,3705.9697
2015-11-06,118.3241,848.86,3793.3739
2015-11-09,118.0266,846.4,3840.3547
2015-11-10,117.9273,845.9,3833.2379
2015-11-11,117.9309,839.67,3833.6457
2015-11-12,117.9778,841.21,3795.3241
2015-11-13,118.046,838.81,3746.2422
2015-11-16,118.0434,832.29,3764.1262
2015-11-17,118.0728,826.77,3758.3869
2015-11-18,118.0297,822.86,3715.5796
2015-11-19,118.0368,810.35,3774.969
2015-11-20,118.0304,812.6,3774.3833
2015-11-23,118.0355,805.9,3753.3351
2015-11-24,118.0752,818.59,3753.8887
2015-11-25,118.131,825.96,3781.6069
2015-11-26,118.2319,833.65,3759.4286
2015-11-27,118.3051,828.89,3556.9924
2015-11-30,118.3352,821.47,3566.4122
2015-12-01,118.3717,828.52,3591.696
2015-12-02,118.4112,832.97,3721.9545
2015-12-03,118.5333,824.3,3749.2985
2015-12-04,118.6252,825.02,3677.5922
2015-12-07,118.6632,837.33,3687.6073
2015-12-08,118.783,821.58,3623.0202
2015-12-09,118.843,821.6,3635.9382
2015-12-10,118.9256,817.81,3623.0842
2015-12-11,118.9436,828.87,3608.0587
2015-12-14,118.8702,831.13,3711.322
2015-12-15,118.8473,826.63,3694.3885
2015-12-16,118.9235,829.58,3685.4398
2015-12-17,119.0693,826.35,3755.8881
2015-12-18,119.2462,838.05,3767.9128
2015-12-21,119.6094,854.88,3865.965
2015-12-22,119.7703,853.47,3876.7325
2015-12-23,119.7465,850.01,3866.3814
2015-12-24,119.8567,849.33,3829.4022
2015-12-25,119.9196,851.48,3838.201
2015-12-28,120.0005,843.91,3727.6316
2015-12-29,120.0942,856.72,3761.8745
2015-12-30,120.0237,861.04,3765.1752
2015-12-31,120.0302,862.03,3731.0047
2016-01-04,119.765,851.96,3469.0662
2016-01-05,119.5462,857.46,3478.7797
2016-01-06,119.5785,849.22,3539.8082
2016-01-07,119.6053,849.41,3294.3839
2016-01-08,119.721,847.98,3361.5632
2016-01-11,119.8158,838.24,3192.4499
2016-01-12,119.9742,829.26,3215.7099
2016-01-13,120.1526,831.26,3155.8787
2016-01-14,120.1857,836.13,3221.5714
2016-01-15,120.1274,835.54,3118.7301
2016-01-18,120.0356,850.76,3130.7289
2016-01-19,119.9492,858.15,3223.1251
2016-01-20,119.801,850.83,3174.3781
2016-01-21,119.7716,848.37,3081.3454
2016-01-22,119.8223,856.74,3113.4626
2016-01-25,119.6795,854.85,3128.886
2016-01-26,119.5995,857.75,2940.5085
2016-01-27,119.4424,867.8,2930.3519
2016-01-28,119.3947,859.03,2853.7562
2016-01-29,119.4955,857.56,2946.0902
2016-02-01,119.5261,859.25,2901.0477
2016-02-02,119.4795,861.98,2961.3337
2016-02-03,119.3963,863.57,2948.6386
2016-02-04,119.4165,875.04,2984.7598
2016-02-05,119.432,871.02,2963.7894
2016-02-15,119.4695,875.24,2946.7066
2016-02-16,119.3904,876.21,3037.0353
2016-02-17,119.3739,872.68,3063.3199
2016-02-18,119.3933,876.51,3053.6985
2016-02-19,119.4136,885.56,3051.585
2016-02-22,119.4285,897.99,3118.8675
2016-02-23,119.4911,895.89,3089.3632
2016-02-24,119.5227,895.68,3109.5454
2016-02-25,119.4924,894.21,2918.7501
2016-02-26,119.4759,889.85,2948.0306
2016-02-29,119.4589,890.15,2877.4666
2016-03-01,119.5662,897.4,2930.6937
2016-03-02,119.5602,902.51,3051.3327
2016-03-03,119.5258,903.72,3058.4219
2016-03-04,119.5415,918.98,3093.8895
2016-03-07,119.4772,937.13,3104.8397
2016-03-08,119.4633,942.69,3107.6727
2016-03-09,119.504,930.78,3071.907
2016-03-10,119.5883,928.85,3013.1457
2016-03-11,119.6757,932.07,3018.2844
2016-03-14,119.7145,928.69,3065.6904
2016-03-15,119.7947,920.88,3074.7796
2016-03-16,119.8646,928.42,3090.0328
2016-03-17,119.9697,943.82,3124.2039
2016-03-18,119.958,956.04,3171.963
2016-03-21,119.9322,955.66,3249.4372
2016-03-22,119.9514,956.86,3225.7903
2016-03-23,119.9856,953.97,3236.0924
2016-03-24,120.0238,939.12,3181.8507
2016-03-25,120.0356,949.93,3197.8169
2016-03-28,120.0287,941.22,3169.7283
2016-03-29,119.9822,940.78,3135.4098
2016-03-30,120.0179,938.01,3216.2753
2016-03-31,120.0557,939.03,3218.0879
2016-04-01,120.0401,950.23,3221.8948
2016-04-05,120.0311,949.64,3264.4858
2016-04-06,119.9554,943.2,3257.5276
2016-04-07,119.9368,944.2,3209.2902
2016-04-08,119.9127,941.01,3185.7258
2016-04-11,119.8329,959.82,3230.0957
2016-04-12,119.759,977.43,3218.4497
2016-04-13,119.57,991.36,3261.3831
2016-04-14,119.4289,992.86,3275.8321
2016-04-15,119.3988,981.57,3272.2053
2016-04-18,119.4181,1001.5,3228.4531
2016-04-19,119.3513,1016.96,3238.3029
2016-04-20,119.1709,1042.37,3181.0264
2016-04-21,118.9967,1073.21,3160.6033
2016-04-22,118.955,1053.88,3174.9012
2016-04-25,118.6477,1066.34,3162.0331
2016-04-26,118.6363,1057.16,3179.1605
2016-04-27,118.7091,1047.1,3165.9156
2016-04-28,118.7424,1038.48,3160.5809
2016-04-29,118.7009,1054.23,3156.7451
2016-05-03,118.7886,1046.39,3213.5397
2016-05-04,118.8099,1032.98,3209.4614
2016-05-05,118.8156,1017.08,3213.9199
2016-05-06,118.8234,1006.65,3130.3544
2016-05-09,118.9426,982.43,3065.6154
2016-05-10,119.017,983.53,3069.1124
2016-05-11,119.0526,989.05,3082.8086
2016-05-12,119.1165,985.37,3090.1372
2016-05-13,119.1234,962.99,3074.9351
2016-05-16,119.0874,967.58,3095.3085
2016-05-17,119.0816,986.19,3086.0249
2016-05-18,118.9842,971.35,3068.0358
2016-05-19,118.92,965.71,3062.5002
2016-05-20,118.9237,972.79,3078.2183
2016-05-23,118.9342,943.57,3087.2225
2016-05-24,118.9589,934.07,3063.5556
2016-05-25,118.9782,931.17,3059.2259
2016-05-26,118.9749,951.68,3064.2111
2016-05-27,118.9545,954.18,3062.4993
2016-05-30,118.9101,957.41,3066.7095
2016-05-31,118.9252,954.7,3169.5598
2016-06-01,118.9265,953.7402,3160.547
2016-06-02,118.92,955.1075,3167.0997
2016-06-03,118.8918,963.6838,3189.3255
2016-06-06,118.9025,977.5743,3178.7883
2016-06-07,118.9029,987.3741,3177.0536
2016-06-08,118.8961,984.169,3163.9864
2016-06-13,118.9071,997.0829,3066.3413
2016-06-14,118.9405,991.5359,3075.9834
2016-06-15,118.9828,981.0002,3116.3682
2016-06-16,119.0186,987.7943,3094.6748
2016-06-17,119.0771,985.4752,3110.3572
2016-06-20,119.0889,998.9321,3112.6744
2016-06-21,119.0513,1002.3126,3106.3175
2016-06-22,119.0912,1004.6035,3133.9611
2016-06-23,119.0874,1013.5774,3117.3168
2016-06-24,119.1489,1009.3736,3077.1554
2016-06-27,119.2347,1045.4253,3120.5443
2016-06-28,119.3425,1058.2241,3136.4013
2016-06-29,119.3355,1056.315,3151.3898
2016-06-30,119.381,1074.3693,3153.921
2016-07-01,119.5134,1076.3638,3154.2003
2016-07-04,119.5268,1110.3386,3204.6962
2016-07-05,119.4722,1097.3091,3207.3827
2016-07-06,119.5274,1079.1108,3216.8035
2016-07-07,119.6275,1069.8664,3209.9542
2016-07-08,119.6457,1058.2239,3192.2804
2016-07-11,119.6533,1069.37,3203.3298
2016-07-12,119.5885,1093.72,3273.1823
2016-07-13,119.5571,1100.92,3282.8681
2016-07-14,119.5423,1105.99,3276.7637
2016-07-15,119.5341,1102.99,3276.2775
2016-07-18,119.563,1074.04,3262.0222
2016-07-19,119.5781,1073.83,3248.2341
2016-07-20,119.6451,1072.24,3237.6051
2016-07-21,119.7374,1090.45,3252.5227
2016-07-22,119.7221,1073.49,3225.1621
2016-07-25,119.7111,1077.7,3230.885
2016-07-26,119.7259,1076.75,3269.5882
2016-07-27,119.7356,1085.16,3218.243
2016-07-28,119.7333,1095.87,3221.1365
2016-07-29,119.7522,1079.34,3203.9304
2016-08-01,119.7664,1104.47,3176.8091
2016-08-02,119.7948,1104.17,3189.0529
2016-08-03,119.8154,1103.02,3193.5073
2016-08-04,119.8262,1094.06,3201.2888
2016-08-05,119.8685,1110.96,3205.1101
2016-08-08,119.9028,1118.12,3234.1833
2016-08-09,119.9793,1114.43,3256.9813
2016-08-10,120.0518,1114.51,3243.3409
2016-08-11,120.1043,1108.23,3233.3604
2016-08-12,120.13,1113.84,3294.2337
2016-08-15,120.1957,1111.95,3393.4239
2016-08-16,120.1455,1124.42,3378.2451
2016-08-17,120.1136,1118.96,3373.0476
2016-08-18,120.0834,1122.48,3364.4851
2016-08-19,120.0352,1124.31,3365.0197
2016-08-22,120.0102,1113.83,3336.7949
2016-08-23,119.943,1122.14,3341.8298
2016-08-24,119.8415,1118.52,3329.8631
2016-08-25,119.8015,1105.53,3308.9721
2016-08-26,119.8294,1097.47,3307.0902
2016-08-29,119.7904,1089.24,3307.7812
2016-08-30,119.7357,1085.35,3311.9872
2016-08-31,119.7367,1074.25,3327.7938
2016-09-01,119.7058,1080.75,3301.5767
2016-09-02,119.7377,1086.11,3314.1142
2016-09-05,119.7321,1094.58,3319.6803
2016-09-06,119.7488,1101.58,3342.6259
2016-09-07,119.7222,1091.64,3340.8172
2016-09-08,119.7079,1094.59,3339.564
2016-09-09,119.731,1091.54,3318.044
2016-09-12,119.7103,1070.73,3262.6043
2016-09-13,119.7382,1071.29,3260.333
2016-09-14,119.7536,1068.6,3238.7299
2016-09-19,119.7247,1082,3263.1242
2016-09-20,119.755,1092.13,3257.4034
2016-09-21,119.7472,1095.7,3266.6363
2016-09-22,119.7617,1100.5,3291.1211
2016-09-23,119.7985,1105.83,3275.6665
2016-09-26,119.8041,1106.38,3220.2838
2016-09-27,119.8293,1101.83,3240.7546
2016-09-28,119.8279,1102.59,3230.8904
2016-09-29,119.8407,1106.71,3244.3874
2016-09-30,119.8363,1103.13,3253.2848
2016-10-10,119.9661,1112.35,3293.8689
2016-10-11,119.9562,1127.03,3306.5573
2016-10-12,119.9312,1127.94,3300.0099
2016-10-13,119.9523,1121.48,3302.6455
2016-10-14,119.9482,1131.7,3305.8481
2016-10-17,119.998,1141.73,3277.8787
2016-10-18,120.0362,1149.09,3321.3324
2016-10-19,120.1219,1144.15,3316.2407
2016-10-20,120.1785,1151.94,3318.6044
2016-10-21,120.2426,1150.11,3327.74
2016-10-24,120.1776,1163.66,3367.5778
2016-10-25,120.203,1184.21,3367.4547
2016-10-26,120.0798,1185.64,3354.8003
2016-10-27,119.9878,1184.3,3345.695
2016-10-28,119.9521,1203.37,3340.1262
2016-10-31,119.9904,1214.09,3336.2778
2016-11-01,119.9476,1212.34,3359.0515
2016-11-02,119.916,1199.58,3333.3524
2016-11-03,119.9183,1212.63,3365.085
2016-11-04,119.9254,1211.46,3354.1749
2016-11-07,119.8384,1244.07,3356.5916
2016-11-08,119.87,1251.07,3371.1177
2016-11-09,119.8535,1287.1,3353.0547
2016-11-10,119.7832,1314.56,3390.6119
2016-11-11,119.729,1350.79,3417.2211
2016-11-14,119.629,1304.38,3430.2482
2016-11-15,119.4738,1278.5,3429.8697
2016-11-16,119.3871,1296.56,3429.5921
2016-11-17,119.2646,1290.97,3436.535
2016-11-18,119.1751,1276.93,3417.4554
2016-11-21,119.0783,1297.42,3441.1106
2016-11-22,119.0889,1334.55,3468.3637
2016-11-23,119.1458,1335.5,3474.7289
2016-11-24,119.1446,1345.45,3488.7402
2016-11-25,119.0766,1360.06,3521.2984
2016-11-28,119.0594,1390.78,3535.0807
2016-11-29,118.8038,1349.35,3564.0404
2016-11-30,118.6194,1322.69,3538.001
2016-12-01,118.3445,1349.13,3565.036
2016-12-02,118.235,1338.85,3528.9547
2016-12-05,118.2351,1365.54,3469.4073
2016-12-06,117.8385,1367.66,3459.1533
2016-12-07,117.7877,1404.35,3475.7473
2016-12-08,117.8555,1391.56,3470.1426
2016-12-09,117.8606,1388.15,3493.7004
2016-12-12,117.5898,1401.86,3409.1794
2016-12-13,117.3773,1415.35,3405.0355
2016-12-14,117.23,1398.38,3378.9453
2016-12-15,116.3406,1401.72,3340.4338
2016-12-16,116.3328,1384.04,3346.0305
2016-12-19,115.9717,1360,3328.9827
2016-12-20,115.7655,1341.94,3309.0641
2016-12-21,116.0423,1348.07,3338.536
2016-12-22,116.3156,1314.22,3335.672
2016-12-23,116.5907,1314.46,3307.5991
2016-12-26,116.7336,1293.15,3322.4006
2016-12-27,116.7861,1311.55,3316.3852
2016-12-28,116.8167,1316.42,3301.8887
2016-12-29,117.0566,1321.85,3297.7648
2016-12-30,117.1481,1304.58,3310.0808
2017-01-03,117.0739,1292.61,3342.2272
2017-01-04,117.0178,1299.11,3368.3117
2017-01-05,116.991,1300.71,3367.7892
2017-01-06,116.9761,1290.73,3347.6665
2017-01-09,117.0129,1322.41,3363.9014
2017-01-10,117.1157,1343.68,3358.2716
2017-01-11,117.0183,1353.61,3334.4954
2017-01-12,117.0463,1361.66,3317.6241
2017-01-13,117.0811,1367.51,3319.9122
2017-01-16,117.0321,1410.21,3319.4455
2017-01-17,116.8785,1384.39,3326.3563
2017-01-18,116.8776,1387.32,3339.3653
2017-01-19,116.8979,1384.73,3329.2891
2017-01-20,116.9455,1360.74,3354.8891
2017-01-23,116.9996,1368.45,3364.0808
2017-01-24,116.9007,1388.61,3364.4509
2017-01-25,116.6656,1389.24,3375.9042
2017-01-26,116.6376,1406.75,3387.9606
2017-02-03,116.306,1368.89,3364.4923
2017-02-06,116.0922,1368.57,3373.2051
2017-02-07,115.9207,1381.6,3365.6849
2017-02-08,115.9567,1393.83,3383.2878
2017-02-09,116.0468,1386.47,3396.2924
2017-02-10,116.0694,1411.07,3413.4868
2017-02-13,116.0832,1448.18,3436.275
2017-02-14,116.0748,1448.47,3435.8042
2017-02-15,116.0985,1423.31,3421.7131
2017-02-16,116.1395,1409.25,3440.9331
2017-02-17,116.2399,1413.38,3421.4419
2017-02-20,116.3436,1424.26,3471.3926
2017-02-21,116.3378,1424.36,3482.823
2017-02-22,116.3296,1411.94,3489.7567
2017-02-23,116.3644,1392.66,3473.3236
2017-02-24,116.3605,1396,3473.8517
2017-02-27,116.3681,1406.31,3446.2228
2017-02-28,116.3417,1390.41,3452.8103
2017-03-01,116.2718,1407.68,3458.4376
2017-03-02,116.2283,1410.13,3435.0963
2017-03-03,116.2168,1406.26,3427.8628
2017-03-06,116.1746,1397.57,3446.484
2017-03-07,116.141,1394.05,3453.9565
2017-03-08,116.0442,1366.22,3448.7313
2017-03-09,115.9527,1354.35,3426.9438
2017-03-10,115.8558,1345.43,3427.8916
2017-03-13,115.9059,1372.1,3458.098
2017-03-14,115.9244,1364.07,3456.6934
2017-03-15,115.9493,1379.34,3463.6436
2017-03-16,116.0385,1387.79,3481.5066
2017-03-17,116.0172,1383.39,3445.8051
2017-03-20,115.9734,1385.49,3449.6126
2017-03-21,115.8478,1368.19,3466.3468
2017-03-22,115.812,1346.57,3450.0502
2017-03-23,115.7704,1352.3,3461.9782
2017-03-24,115.9299,1347.51,3489.5997
2017-03-27,115.9922,1319.95,3478.0385
2017-03-28,116.0344,1321.48,3469.8093
2017-03-29,116.0158,1347.31,3465.1933
2017-03-30,115.9983,1335.25,3436.758
2017-03-31,116.0093,1332.49,3456.0455
2017-04-05,116.0257,1351.87,3503.8932
2017-04-06,115.9816,1351.46,3514.0469
2017-04-07,116.0283,1322.9,3517.4634
2017-04-10,116.0123,1314.67,3505.1392
2017-04-11,115.9617,1307.49,3517.328
2017-04-12,115.9321,1286.53,3509.4387
2017-04-13,115.9167,1294.93,3514.5662
2017-04-14,115.8414,1286.61,3486.5045
2017-04-17,115.652,1287.29,3479.9417
2017-04-18,115.5225,1269.05,3462.7429
2017-04-19,115.5136,1266.92,3445.8761
2017-04-20,115.4763,1278.39,3461.5481
2017-04-21,115.3603,1285.7,3466.7865
2017-04-24,115.2055,1279.35,3431.2587
2017-04-25,115.232,1275.07,3440.9743
2017-04-26,115.1888,1273.45,3445.1832
2017-04-27,115.2082,1282.4,3446.7202
2017-04-28,115.2003,1294.14,3439.753
2017-05-02,115.0633,1306.89,3426.5766
2017-05-03,114.939,1297.15,3413.1282
2017-05-04,114.7102,1255.24,3404.3864
2017-05-05,114.6601,1238.18,3382.5502
2017-05-08,114.4713,1243.58,3358.8125
2017-05-09,114.2915,1247.16,3352.5324
2017-05-10,114.0628,1249.09,3337.7007
2017-05-11,114.108,1255.56,3356.6459
2017-05-12,113.987,1240.78,3385.3787
2017-05-15,114.1105,1254.85,3399.1937
2017-05-16,114.1014,1259.26,3428.6491
2017-05-17,114.002,1271.02,3409.9656
2017-05-18,114.0846,1262.4,3398.1127
2017-05-19,114.0303,1282.62,3403.8492
2017-05-22,113.9384,1290.99,3411.2387
2017-05-23,113.9625,1288.06,3424.194
2017-05-24,114.0269,1271.92,3424.1669
2017-05-25,114.0943,1272.34,3485.6581
2017-05-26,114.0841,1267.18,3480.4345
2017-05-31,114.2695,1223.39,3492.8845
2017-06-01,114.2776,1224.19,3497.7382
2017-06-02,114.2601,1215.56,3486.5074
2017-06-05,114.2894,1219.12,3468.7538
2017-06-06,114.2489,1219.44,3492.8816
2017-06-07,114.2062,1221.33,3533.8718
2017-06-08,114.1809,1221.87,3560.9786
2017-06-09,114.2233,1224.95,3576.1703
2017-06-12,114.4106,1237.3,3574.3894
2017-06-13,114.4776,1217.01,3582.2674
2017-06-14,114.5357,1241.36,3535.2987
2017-06-15,114.6095,1234.74,3528.7926
2017-06-16,114.5826,1238.67,3518.7611
2017-06-19,114.8287,1248.14,3553.6653
2017-06-20,114.9485,1245.61,3546.494
2017-06-21,114.8921,1242.88,3587.955
2017-06-22,114.7652,1236.18,3590.3425
2017-06-23,114.8191,1250.33,3622.8831
2017-06-26,114.9925,1253.63,3668.0919
2017-06-27,115.0834,1268.68,3674.7152
2017-06-28,115.0847,1273.93,3646.1666
2017-06-29,115.0862,1295.11,3668.8279
2017-06-30,115.0398,1294.04,3666.7977
2017-07-03,114.9735,1312.75,3650.8463
2017-07-04,114.9574,1286.17,3619.9841
2017-07-05,115.0119,1293.94,3659.6795
2017-07-06,115.0891,1297.88,3660.0967
2017-07-07,115.0953,1303.19,3655.9293
2017-07-10,115.0568,1301.52,3653.6868
2017-07-11,115.0535,1321.15,3670.8086
2017-07-12,115.0838,1325.61,3658.8236
2017-07-13,115.1288,1332.01,3686.9205
2017-07-14,115.1411,1321.47,3703.094
2017-07-17,115.1796,1341.15,3663.5575
2017-07-18,115.0706,1346.23,3667.1807
2017-07-19,115.0878,1364.02,3729.7466
2017-07-20,115.13,1354.41,3747.8843
2017-07-21,115.1523,1360.1,3728.5976
2017-07-24,115.1504,1345.26,3743.4686
2017-07-25,115.1172,1363.02,3719.559
2017-07-26,115.0444,1357.24,3705.3884
2017-07-27,115.0463,1365.56,3712.1947
2017-07-28,115.0511,1353.89,3721.8914
2017-07-31,115.018,1385.33,3737.8732
2017-08-01,114.9714,1379.41,3770.3828
2017-08-02,114.9835,1381.12,3760.8525
2017-08-03,114.9809,1374.57,3727.8264
2017-08-04,114.9998,1388.48,3707.5796
2017-08-07,114.9038,1398.28,3726.7948
2017-08-08,114.8463,1404.43,3732.2129
2017-08-09,114.813,1428.77,3731.044
2017-08-10,114.8329,1427.58,3715.9208
2017-08-11,114.8942,1402.52,3647.3503
2017-08-14,114.938,1396.64,3694.6831
2017-08-15,114.957,1395.04,3706.0566
2017-08-16,114.9209,1390.19,3701.4207
2017-08-17,114.8938,1428.29,3721.277
2017-08-18,114.8753,1440.99,3724.6748
2017-08-21,114.845,1455.06,3740.9941
2017-08-22,114.7374,1467.67,3752.298
2017-08-23,114.7419,1448.54,3756.0884
2017-08-24,114.635,1458.11,3734.6458
2017-08-25,114.6026,1472.5,3795.7544
2017-08-28,114.4703,1469.44,3842.7119
2017-08-29,114.4834,1455.64,3834.5376
2017-08-30,114.4647,1451.47,3834.3005
2017-08-31,114.4914,1458.05,3822.0928
2017-09-01,114.4958,1472.79,3830.5383
2017-09-04,114.4643,1473.43,3845.6163
2017-09-05,114.432,1482.63,3857.0464
2017-09-06,114.4541,1472.84,3849.4499
2017-09-07,114.562,1463.26,3829.8713
2017-09-08,114.6866,1447.17,3825.9895
2017-09-11,114.6541,1447.08,3825.6453
2017-09-12,114.6583,1459.91,3837.9341
2017-09-13,114.6075,1442.8,3842.6061
2017-09-14,114.652,1424.9,3829.9554
2017-09-15,114.6681,1410.68,3831.2965
2017-09-18,114.6113,1403.05,3843.1428
2017-09-19,114.5973,1391.58,3832.1161
2017-09-20,114.5542,1398.29,3842.4353
2017-09-21,114.5046,1366.83,3837.8176
2017-09-22,114.54,1357.15,3837.7304
2017-09-25,114.5936,1361.33,3817.7915
2017-09-26,114.5816,1363.33,3820.7816
2017-09-27,114.5494,1366.96,3821.2
2017-09-28,114.5738,1333.69,3822.5386
2017-09-29,114.6164,1347.75,3836.5013
2017-10-09,114.5298,1342.73,3882.2076
2017-10-10,114.5008,1330.48,3889.8637
2017-10-11,114.493,1327.88,3902.6868
2017-10-12,114.4198,1346.35,3912.9536
2017-10-13,114.4313,1373.53,3921.0017
2017-10-16,114.2801,1384.11,3913.4462
2017-10-17,114.1531,1370.72,3913.0688
2017-10-18,114.1963,1366.82,3944.1626
2017-10-19,114.28,1343.94,3931.2495
2017-10-20,114.3088,1375.84,3926.852
2017-10-23,114.2835,1356.57,3930.7981
2017-10-24,114.2928,1360.12,3959.3953
2017-10-25,114.1153,1360.24,3976.949
2017-10-26,114.1064,1357.34,3993.5752
2017-10-27,113.9356,1337.63,4021.9676
2017-10-30,113.5787,1333.74,4009.7218
2017-10-31,113.6655,1334.1,4006.7179
2017-11-01,113.788,1339.93,3996.6221
2017-11-02,113.7499,1357.76,3997.1343
2017-11-03,113.7365,1356.34,3992.6979
2017-11-06,113.7306,1380.85,4020.8896
2017-11-07,113.6335,1384.74,4054.2465
2017-11-08,113.6349,1380.6,4048.0057
2017-11-09,113.6222,1382.18,4075.8998
2017-11-10,113.5766,1382.52,4111.9112
2017-11-13,113.3835,1389.26,4128.0733
2017-11-14,113.2905,1393.34,4099.351
2017-11-15,113.3828,1364.59,4073.6696
2017-11-16,113.4539,1367.49,4105.0122
2017-11-17,113.4641,1369.94,4120.8508
2017-11-20,113.4357,1386.25,4143.8334
2017-11-21,113.367,1391.28,4217.7015
2017-11-22,113.1535,1404.08,4227.5666
2017-11-23,113.1142,1406.81,4102.3966
2017-11-24,113.1565,1417.89,4104.2034
2017-11-27,113.166,1403.99,4049.9475
2017-11-28,113.1417,1404.53,4055.8235
2017-11-29,113.1555,1408.99,4053.7529
2017-11-30,113.2044,1410.97,4006.0993
2017-12-01,113.2591,1421.24,3998.1365
2017-12-04,113.2906,1441.41,4018.8571
2017-12-05,113.3165,1426.72,4040.1704
2017-12-06,113.3451,1413.02,4015.8211
2017-12-07,113.3162,1376.99,3971.0569
2017-12-08,113.2936,1390.7,4003.3792
2017-12-11,113.1821,1387.4,4069.4997
2017-12-12,113.119,1394.56,4016.0163
2017-12-13,113.0991,1389.82,4050.0927
2017-12-14,113.1221,1377.46,4026.1516
2017-12-15,113.1928,1388.64,3980.8558
2017-12-18,113.2473,1415.36,3985.2914
2017-12-19,113.2398,1409.5,4035.3294
2017-12-20,113.1885,1409.32,4030.4898
2017-12-21,113.1572,1410.3,4067.8485
2017-12-22,113.1763,1417.31,4054.5984
2017-12-25,113.1996,1399.29,4041.5401
2017-12-26,113.1502,1410.11,4053.6224
2017-12-27,113.0977,1400.47,3991.2075
2017-12-28,113.0851,1405.91,4018.8974
2017-12-29,113.1265,1407.05,4030.8549
2018-01-02,113.1725,1422.97,4087.4012
2018-01-03,113.1757,1417.58,4111.3925
2018-01-04,113.0856,1425.7,4128.8119
2018-01-05,113.1604,1421.28,4138.7505
2018-01-08,113.2457,1427.7,4160.1595
2018-01-09,113.2378,1430.53,4189.2977
2018-01-10,113.1406,1426.44,4207.8132
2018-01-11,113.0083,1429.46,4205.5863
2018-01-12,113.0336,1420.62,4225.001
2018-01-15,112.9329,1420.11,4225.2393
2018-01-16,112.9248,1404.8,4258.473
2018-01-17,112.8689,1402.03,4248.1164
2018-01-18,112.8026,1405.33,4271.4168
2018-01-19,112.8239,1410.07,4285.395
2018-01-22,112.9098,1412.81,4336.5974
2018-01-23,112.9723,1408.26,4382.6129
2018-01-24,112.9923,1405.2,4389.8853
2018-01-25,112.99,1423.81,4365.0794
2018-01-26,113.0605,1416.22,4381.2996
2018-01-29,113.0706,1417.5,4302.0181
2018-01-30,113.0665,1405.81,4256.1021
2018-01-31,113.1365,1402.74,4275.8986
2018-02-01,113.2191,1395.54,4245.8978
2018-02-02,113.2171,1403.66,4271.2326
2018-02-05,113.203,1409.32,4274.1464
2018-02-06,113.2844,1400.68,4148.8856
2018-02-07,113.3276,1404.44,4050.4972
2018-02-08,113.3258,1395.37,4012.0472
2018-02-09,113.3391,1387.88,3840.6527
2018-02-12,113.4362,1393.04,3890.1046
2018-02-13,113.446,1396.74,3935.6324
2018-02-14,113.4347,1408.19,3966.9614
2018-02-22,113.3961,1410.02,4052.7332
2018-02-23,113.4209,1429.91,4071.0889
2018-02-26,113.6363,1439.84,4118.4186
2018-02-27,113.763,1437.6,4058.9806
2018-02-28,113.787,1432.39,4023.6415
2018-03-01,113.7968,1435.66,4049.0863
2018-03-02,113.7648,1434.35,4016.461
2018-03-05,113.7035,1420.22,4018.097
2018-03-06,113.7006,1422.04,4066.5647
2018-03-07,113.7407,1411.07,4036.6536
2018-03-08,113.7542,1394.13,4077.6001
2018-03-09,113.8086,1373.03,4108.8652
2018-03-12,113.8179,1371.24,4127.6662
2018-03-13,113.7763,1369.78,4091.2533
2018-03-14,113.7742,1381.94,4073.3447
2018-03-15,113.7759,1377.79,4096.1627
2018-03-16,113.8055,1372.36,4056.4226
2018-03-19,113.8206,1356.55,4074.2479
2018-03-20,113.8682,1352.16,4077.7041
2018-03-21,113.9067,1347.69,4061.0502
2018-03-22,114.0486,1352.35,4020.349
2018-03-23,114.3315,1314.59,3904.9355
2018-03-26,114.3089,1308.59,3879.893
2018-03-27,114.2603,1317.14,3913.2689
2018-03-28,114.2806,1305.15,3842.7155
2018-03-29,114.2707,1309.71,3894.0498
2018-03-30,114.3736,1328.01,3898.4977
2018-04-02,114.4007,1334.81,3886.9189
2018-04-03,114.514,1333.1,3862.4796
2018-04-04,114.5899,1329.53,3854.8625
2018-04-09,114.881,1340.17,3852.9292
2018-04-10,114.8378,1345.33,3927.1729
2018-04-11,114.8722,1339.3,3938.3434
2018-04-12,114.9115,1333.51,3898.6354
2018-04-13,115.0005,1338.8,3871.1443
2018-04-16,115.0805,1323.66,3808.863
2018-04-17,115.1836,1330.94,3748.6412
2018-04-18,116.0279,1343.39,3766.282
2018-04-19,115.8315,1369.89,3811.843
2018-04-20,115.8707,1350.53,3760.8543
2018-04-23,115.7503,1368.49,3766.3257
2018-04-24,115.7818,1362.86,3843.4886
2018-04-25,115.7739,1363.24,3828.7015
2018-04-26,115.6745,1357.89,3755.4941
2018-04-27,115.6211,1355.3,3756.8765
2018-05-02,115.4828,1376.22,3763.6461
2018-05-03,115.5886,1374.75,3793.0001
2018-05-04,115.6449,1374.48,3774.5981
2018-05-07,115.5745,1379.46,3834.1877
2018-05-08,115.424,1376.76,3878.6767
2018-05-09,115.2798,1366.34,3871.6152
2018-05-10,115.2857,1372.94,3893.0565
2018-05-11,115.314,1383.31,3872.8383
2018-05-14,115.2857,1383.52,3909.2933
2018-05-15,115.1926,1382.35,3924.0975
2018-05-16,115.1487,1380.23,3892.8442
2018-05-17,115.1278,1377.75,3864.0507
2018-05-18,115.0946,1379.13,3903.0637
2018-05-21,115.1318,1378.6,3921.2421
2018-05-22,115.209,1371.74,3906.2081
2018-05-23,115.2765,1363.34,3854.5825
2018-05-24,115.3057,1370.8,3827.217
2018-05-25,115.3504,1367.67,3816.498
2018-05-28,115.3156,1366.59,3833.2599
2018-05-29,115.3147,1384.38,3804.0093
2018-05-30,115.3561,1374.6,3723.3724
2018-05-31,115.2885,1385.52,3802.3759
2018-06-01,115.2251,1390.29,3770.5891
2018-06-04,115.1722,1384.71,3807.5781
2018-06-05,115.1237,1385.9,3845.3164
2018-06-06,115.0793,1389.66,3837.3511
2018-06-07,115.0654,1397.3,3831.0128
2018-06-08,115.1644,1387.7969,3779.6159
2018-06-11,115.1455,1391.7167,3779.9818
2018-06-12,115.0358,1399.9046,3825.9534
2018-06-13,115.0809,1387.6822,3788.3391
2018-06-14,115.1758,1394.6524,3773.3655
2018-06-15,115.2373,1395.2515,3753.4338
2018-06-19,115.3777,1352.9296,3621.1166
2018-06-20,115.3258,1362.1165,3635.4436
2018-06-21,115.397,1356.32,3592.965
2018-06-22,115.4608,1357.29,3608.9046
2018-06-25,115.4571,1358.52,3560.4777
2018-06-26,115.4609,1355.28,3531.1112
2018-06-27,115.5183,1362.31,3459.2621
2018-06-28,115.6615,1371.58,3423.5255
2018-06-29,115.8936,1385.87,3510.9845
2018-07-02,115.9916,1377.88,3407.9638
2018-07-03,116.0657,1375.44,3409.2801
2018-07-04,116.0779,1365.95,3363.7473
2018-07-05,116.1925,1357.53,3342.4379
2018-07-06,116.2,1356.19,3365.1227
2018-07-09,116.1468,1365.33,3459.1837
2018-07-10,116.0625,1362.27,3467.5155
2018-07-11,116.1002,1355.44,3407.5297
2018-07-12,116.16,1364.9,3481.0559
2018-07-13,116.2967,1356.35,3492.6897
2018-07-16,116.363,1354.77,3472.0859
2018-07-17,116.3422,1352.52,3449.3773
2018-07-18,116.4374,1351.04,3431.3227
2018-07-19,116.5689,1358.52,3428.343
2018-07-20,116.5252,1365.21,3492.8938
2018-07-23,116.578,1369.8,3525.7503
2018-07-24,116.4662,1373.09,3581.7057
2018-07-25,116.4879,1384.36,3577.7522
2018-07-26,116.579,1385.59,3536.2456
2018-07-27,116.7433,1398.94,3521.2269
2018-07-30,116.8986,1402.62,3515.0794
2018-07-31,117.051,1408.34,3517.6568
2018-08-01,117.0964,1400.53,3447.3882
2018-08-02,117.1167,1403.08,3370.9579
2018-08-03,117.257,1415.34,3315.2839
2018-08-06,117.3689,1435.12,3273.2728
2018-08-07,117.4507,1447.9,3368.8695
2018-08-08,117.2489,1445.72,3314.5075
2018-08-09,116.9358,1447.37,3397.5298
2018-08-10,116.8756,1435.98,3405.0191
2018-08-13,116.5975,1448.57,3390.3441
2018-08-14,116.7043,1443.01,3372.9137
2018-08-15,116.6916,1437.91,3291.976
2018-08-16,116.5667,1423.74,3276.7276
2018-08-17,116.3491,1434.41,3229.6198
2018-08-20,116.2696,1445.6,3267.2498
2018-08-21,116.2696,1445.6,3326.6489
